Lab.Sample.Name	Date	Compound.Name	DTXSID	Lab.Compound.Name	Sample.Type	Dilution.Factor	Calibration	ISTD.Name	ISTD.Conc	ISTD.Area	Hep.Density	Std.Conc	Clint.Assay.Conc	Time	Area	Analysis.Method	Analysis.Instrument	Analysis.Parameters	Note	Response
20220128_PFAS_Clint_Hep12HLB_Sample003	44589	Phenacetin	DTXSID1021116	Phenacetin	Blank	1	1	propranolol-d7	0.01	18189.299	0.5	NA	1	NA	95.67	LCMS	Unknown	RT		5.26e-05
20220128_PFAS_Clint_Hep12HLB_Sample004	44589	Phenacetin	DTXSID1021116	Phenacetin	Blank	1	1	propranolol-d7	0.01	17998.576	0.5	NA	1	NA	254.218	LCMS	Unknown	RT		0.0001412
20220128_PFAS_Clint_Hep12HLB_Sample050	44590	Phenacetin	DTXSID1021116	Phenacetin	Cvst	1	1	propranolol-d7	0.01	18281.525	0.5	NA	1	0	15250.988	LCMS	Unknown	RT		0.008342
20220128_PFAS_Clint_Hep12HLB_Sample051	44590	Phenacetin	DTXSID1021116	Phenacetin	Cvst	1	1	propranolol-d7	0.01	17977.395	0.5	NA	1	0	6759.1	LCMS	Unknown	RT		0.00376
20220128_PFAS_Clint_Hep12HLB_Sample052	44590	Phenacetin	DTXSID1021116	Phenacetin	Cvst	1	1	propranolol-d7	0.01	19169.885	0.5	NA	1	0	10727.481	LCMS	Unknown	RT		0.005596
20220128_PFAS_Clint_Hep12HLB_Sample060	44590	Phenacetin	DTXSID1021116	Phenacetin	Cvst	1	1	propranolol-d7	0.01	17990.738	0.5	NA	1	0.25	5619.889	LCMS	Unknown	RT		0.003124
20220128_PFAS_Clint_Hep12HLB_Sample061	44590	Phenacetin	DTXSID1021116	Phenacetin	Cvst	1	1	propranolol-d7	0.01	17391.65	0.5	NA	1	0.25	5473.678	LCMS	Unknown	RT		0.003147
20220128_PFAS_Clint_Hep12HLB_Sample062	44590	Phenacetin	DTXSID1021116	Phenacetin	Cvst	1	1	propranolol-d7	0.01	18652.717	0.5	NA	1	0.25	4859.243	LCMS	Unknown	RT		0.002605
20220128_PFAS_Clint_Hep12HLB_Sample064	44590	Phenacetin	DTXSID1021116	Phenacetin	Cvst	1	1	propranolol-d7	0.01	17591.689	0.5	NA	1	0.5	3734.05	LCMS	Unknown	RT		0.002123
20220128_PFAS_Clint_Hep12HLB_Sample065	44590	Phenacetin	DTXSID1021116	Phenacetin	Cvst	1	1	propranolol-d7	0.01	18454.771	0.5	NA	1	0.5	3649.798	LCMS	Unknown	RT		0.001978
20220128_PFAS_Clint_Hep12HLB_Sample066	44590	Phenacetin	DTXSID1021116	Phenacetin	Cvst	1	1	propranolol-d7	0.01	18145.635	0.5	NA	1	0.5	3580.712	LCMS	Unknown	RT		0.001973
20220128_PFAS_Clint_Hep12HLB_Sample067	44590	Phenacetin	DTXSID1021116	Phenacetin	Cvst	1	1	propranolol-d7	0.01	18080.875	0.5	NA	1	1	5707.809	LCMS	Unknown	RT		0.003157
20220128_PFAS_Clint_Hep12HLB_Sample068	44590	Phenacetin	DTXSID1021116	Phenacetin	Cvst	1	1	propranolol-d7	0.01	18376.918	0.5	NA	1	1	8573.404	LCMS	Unknown	RT		0.004665
20220128_PFAS_Clint_Hep12HLB_Sample069	44590	Phenacetin	DTXSID1021116	Phenacetin	Cvst	1	1	propranolol-d7	0.01	18386.584	0.5	NA	1	1	8004.642	LCMS	Unknown	RT		0.004354
20220128_PFAS_Clint_Hep12HLB_Sample071	44590	Phenacetin	DTXSID1021116	Phenacetin	Cvst	1	1	propranolol-d7	0.01	18234.189	0.5	NA	1	2	3814.935	LCMS	Unknown	RT		0.002092
20220128_PFAS_Clint_Hep12HLB_Sample072	44590	Phenacetin	DTXSID1021116	Phenacetin	Cvst	1	1	propranolol-d7	0.01	18643.475	0.5	NA	1	2	1964.532	LCMS	Unknown	RT		0.001054
20220128_PFAS_Clint_Hep12HLB_Sample073	44590	Phenacetin	DTXSID1021116	Phenacetin	Cvst	1	1	propranolol-d7	0.01	19702.66	0.5	NA	1	2	2514.581	LCMS	Unknown	RT		0.001276
20220128_PFAS_Clint_Hep12HLB_Sample074	44590	Phenacetin	DTXSID1021116	Phenacetin	Cvst	1	1	propranolol-d7	0.01	17977.953	0.5	NA	1	4	2163.156	LCMS	Unknown	RT		0.001203
20220128_PFAS_Clint_Hep12HLB_Sample075	44590	Phenacetin	DTXSID1021116	Phenacetin	Cvst	1	1	propranolol-d7	0.01	20397.18	0.5	NA	1	4	930.202	LCMS	Unknown	RT		0.000456
20220128_PFAS_Clint_Hep12HLB_Sample076	44590	Phenacetin	DTXSID1021116	Phenacetin	Cvst	1	1	propranolol-d7	0.01	18768.371	0.5	NA	1	4	861.381	LCMS	Unknown	RT		0.000459
20220128_PFAS_Clint_Hep12HLB_Sample003	44589	propranolol	DTXSID6023525	propranolol	Blank	1	1	propranolol-d7	0.01	18189.299	0.5	NA	1	NA	720.415	LCMS	Unknown	RT		0.0003961
20220128_PFAS_Clint_Hep12HLB_Sample004	44589	propranolol	DTXSID6023525	propranolol	Blank	1	1	propranolol-d7	0.01	17998.576	0.5	NA	1	NA	862.588	LCMS	Unknown	RT		0.0004793
20220128_PFAS_Clint_Hep12HLB_Sample050	44590	propranolol	DTXSID6023525	propranolol	Cvst	1	1	propranolol-d7	0.01	18281.525	0.5	NA	1	0	13711.997	LCMS	Unknown	RT		0.0075
20220128_PFAS_Clint_Hep12HLB_Sample051	44590	propranolol	DTXSID6023525	propranolol	Cvst	1	1	propranolol-d7	0.01	17977.395	0.5	NA	1	0	17820.326	LCMS	Unknown	RT		0.009913
20220128_PFAS_Clint_Hep12HLB_Sample052	44590	propranolol	DTXSID6023525	propranolol	Cvst	1	1	propranolol-d7	0.01	19169.885	0.5	NA	1	0	11319.325	LCMS	Unknown	RT		0.005905
20220128_PFAS_Clint_Hep12HLB_Sample060	44590	propranolol	DTXSID6023525	propranolol	Cvst	1	1	propranolol-d7	0.01	17990.738	0.5	NA	1	0.25	9537.238	LCMS	Unknown	RT		0.005301
20220128_PFAS_Clint_Hep12HLB_Sample061	44590	propranolol	DTXSID6023525	propranolol	Cvst	1	1	propranolol-d7	0.01	17391.65	0.5	NA	1	0.25	7796.292	LCMS	Unknown	RT		0.004483
20220128_PFAS_Clint_Hep12HLB_Sample062	44590	propranolol	DTXSID6023525	propranolol	Cvst	1	1	propranolol-d7	0.01	18652.717	0.5	NA	1	0.25	6650.942	LCMS	Unknown	RT		0.003566
20220128_PFAS_Clint_Hep12HLB_Sample064	44590	propranolol	DTXSID6023525	propranolol	Cvst	1	1	propranolol-d7	0.01	17591.689	0.5	NA	1	0.5	7186.075	LCMS	Unknown	RT		0.004085
20220128_PFAS_Clint_Hep12HLB_Sample065	44590	propranolol	DTXSID6023525	propranolol	Cvst	1	1	propranolol-d7	0.01	18454.771	0.5	NA	1	0.5	6651.037	LCMS	Unknown	RT		0.003604
20220128_PFAS_Clint_Hep12HLB_Sample066	44590	propranolol	DTXSID6023525	propranolol	Cvst	1	1	propranolol-d7	0.01	18145.635	0.5	NA	1	0.5	7712.302	LCMS	Unknown	RT		0.00425
20220128_PFAS_Clint_Hep12HLB_Sample067	44590	propranolol	DTXSID6023525	propranolol	Cvst	1	1	propranolol-d7	0.01	18080.875	0.5	NA	1	1	9179.978	LCMS	Unknown	RT		0.005077
20220128_PFAS_Clint_Hep12HLB_Sample068	44590	propranolol	DTXSID6023525	propranolol	Cvst	1	1	propranolol-d7	0.01	18376.918	0.5	NA	1	1	9995.495	LCMS	Unknown	RT		0.005439
20220128_PFAS_Clint_Hep12HLB_Sample069	44590	propranolol	DTXSID6023525	propranolol	Cvst	1	1	propranolol-d7	0.01	18386.584	0.5	NA	1	1	9838.96	LCMS	Unknown	RT		0.005351
20220128_PFAS_Clint_Hep12HLB_Sample071	44590	propranolol	DTXSID6023525	propranolol	Cvst	1	1	propranolol-d7	0.01	18234.189	0.5	NA	1	2	6362.745	LCMS	Unknown	RT		0.003489
20220128_PFAS_Clint_Hep12HLB_Sample072	44590	propranolol	DTXSID6023525	propranolol	Cvst	1	1	propranolol-d7	0.01	18643.475	0.5	NA	1	2	5944.033	LCMS	Unknown	RT		0.003188
20220128_PFAS_Clint_Hep12HLB_Sample073	44590	propranolol	DTXSID6023525	propranolol	Cvst	1	1	propranolol-d7	0.01	19702.66	0.5	NA	1	2	7247.503	LCMS	Unknown	RT		0.003678
20220128_PFAS_Clint_Hep12HLB_Sample074	44590	propranolol	DTXSID6023525	propranolol	Cvst	1	1	propranolol-d7	0.01	17977.953	0.5	NA	1	4	4445.437	LCMS	Unknown	RT		0.002473
20220128_PFAS_Clint_Hep12HLB_Sample075	44590	propranolol	DTXSID6023525	propranolol	Cvst	1	1	propranolol-d7	0.01	20397.18	0.5	NA	1	4	4565.878	LCMS	Unknown	RT		0.002238
20220128_PFAS_Clint_Hep12HLB_Sample076	44590	propranolol	DTXSID6023525	propranolol	Cvst	1	1	propranolol-d7	0.01	18768.371	0.5	NA	1	4	4282.9	LCMS	Unknown	RT		0.002282
20220128_PFAS_Clint_Hep12WAX_Sample003	44590	TFMFPA	DTXSID80380256	TFMFPA	Blank	1	1	M5PFPeA	0.01	24443.541	0.5	NA	1	NA	3.475	LCMS	Unknown	RT		1.422e-06
20220128_PFAS_Clint_Hep12WAX_Sample050	44591	TFMFPA	DTXSID80380256	TFMFPA	Cvst	1	1	M5PFPeA	0.01	27984.488	0.5	NA	1	0	452.503	LCMS	Unknown	RT		0.0001617
20220128_PFAS_Clint_Hep12WAX_Sample051	44591	TFMFPA	DTXSID80380256	TFMFPA	Cvst	1	1	M5PFPeA	0.01	28183.092	0.5	NA	1	0	270.475	LCMS	Unknown	RT		9.597e-05
20220128_PFAS_Clint_Hep12WAX_Sample052	44591	TFMFPA	DTXSID80380256	TFMFPA	Cvst	1	1	M5PFPeA	0.01	27929.1	0.5	NA	1	0	380.314	LCMS	Unknown	RT		0.0001362
20220128_PFAS_Clint_Hep12WAX_Sample071	44591	TFMFPA	DTXSID80380256	TFMFPA	Cvst	1	1	M5PFPeA	0.01	28841.098	0.5	NA	1	0.25	265.344	LCMS	Unknown	RT		9.2e-05
20220128_PFAS_Clint_Hep12WAX_Sample072	44591	TFMFPA	DTXSID80380256	TFMFPA	Cvst	1	1	M5PFPeA	0.01	29202.393	0.5	NA	1	0.25	250.172	LCMS	Unknown	RT		8.567e-05
20220128_PFAS_Clint_Hep12WAX_Sample073	44591	TFMFPA	DTXSID80380256	TFMFPA	Cvst	1	1	M5PFPeA	0.01	29454.729	0.5	NA	1	0.25	67.159	LCMS	Unknown	RT		2.28e-05
20220128_PFAS_Clint_Hep12WAX_Sample075	44591	TFMFPA	DTXSID80380256	TFMFPA	Cvst	1	1	M5PFPeA	0.01	29154.77	0.5	NA	1	0.25	5.883	LCMS	Unknown	RT		2.018e-06
20220128_PFAS_Clint_Hep12WAX_Sample078	44591	TFMFPA	DTXSID80380256	TFMFPA	Cvst	1	1	M5PFPeA	0.01	30025.805	0.5	NA	1	0.5	667.797	LCMS	Unknown	RT		0.0002224
20220128_PFAS_Clint_Hep12WAX_Sample079	44591	TFMFPA	DTXSID80380256	TFMFPA	Cvst	1	1	M5PFPeA	0.01	30025.645	0.5	NA	1	0.5	457.384	LCMS	Unknown	RT		0.0001523
20220128_PFAS_Clint_Hep12WAX_Sample080	44591	TFMFPA	DTXSID80380256	TFMFPA	Cvst	1	1	M5PFPeA	0.01	28573.631	0.5	NA	1	0.5	588.099	LCMS	Unknown	RT		0.0002058
20220128_PFAS_Clint_Hep12WAX_Sample085	44591	TFMFPA	DTXSID80380256	TFMFPA	Cvst	1	1	M5PFPeA	0.01	29838.619	0.5	NA	1	1	315.119	LCMS	Unknown	RT		0.0001056
20220128_PFAS_Clint_Hep12WAX_Sample086	44591	TFMFPA	DTXSID80380256	TFMFPA	Cvst	1	1	M5PFPeA	0.01	29281.686	0.5	NA	1	1	253.589	LCMS	Unknown	RT		8.66e-05
20220128_PFAS_Clint_Hep12WAX_Sample087	44591	TFMFPA	DTXSID80380256	TFMFPA	Cvst	1	1	M5PFPeA	0.01	29333.451	0.5	NA	1	1	570.98	LCMS	Unknown	RT		0.0001947
20220128_PFAS_Clint_Hep12WAX_Sample092	44591	TFMFPA	DTXSID80380256	TFMFPA	Cvst	1	1	M5PFPeA	0.01	29183.402	0.5	NA	1	2	457.639	LCMS	Unknown	RT		0.0001568
20220128_PFAS_Clint_Hep12WAX_Sample093	44591	TFMFPA	DTXSID80380256	TFMFPA	Cvst	1	1	M5PFPeA	0.01	28794.861	0.5	NA	1	2	433.67	LCMS	Unknown	RT		0.0001506
20220128_PFAS_Clint_Hep12WAX_Sample094	44591	TFMFPA	DTXSID80380256	TFMFPA	Cvst	1	1	M5PFPeA	0.01	28839.695	0.5	NA	1	2	913.939	LCMS	Unknown	RT		0.0003169
20220128_PFAS_Clint_Hep12WAX_Sample099	44591	TFMFPA	DTXSID80380256	TFMFPA	Cvst	1	1	M5PFPeA	0.01	29630.219	0.5	NA	1	4	639.602	LCMS	Unknown	RT		0.0002159
20220128_PFAS_Clint_Hep12WAX_Sample100	44591	TFMFPA	DTXSID80380256	TFMFPA	Cvst	1	1	M5PFPeA	0.01	29371.928	0.5	NA	1	4	492.401	LCMS	Unknown	RT		0.0001676
20220128_PFAS_Clint_Hep12WAX_Sample101	44591	TFMFPA	DTXSID80380256	TFMFPA	Cvst	1	1	M5PFPeA	0.01	29172.045	0.5	NA	1	4	486.344	LCMS	Unknown	RT		0.0001667
20220128_PFAS_Clint_Hep12WAX_Sample109	44591	TFMFPA	DTXSID80380256	TFMFPA	Cvst	1	1	M5PFPeA	0.01	28306.459	0.5	NA	1	4	3.547	LCMS	Unknown	RT		1.253e-06
20220128_PFAS_Clint_Hep12WAX_Sample110	44591	TFMFPA	DTXSID80380256	TFMFPA	Cvst	1	1	M5PFPeA	0.01	28958.123	0.5	NA	1	4	4.965	LCMS	Unknown	RT		1.715e-06
20220128_PFAS_Clint_Hep12WAX_Sample111	44591	TFMFPA	DTXSID80380256	TFMFPA	Cvst	1	1	M5PFPeA	0.01	28379.059	0.5	NA	1	4	6.977	LCMS	Unknown	RT		2.459e-06
20220128_PFAS_Clint_Hep12WAX_Sample003	44590	NaPFOA	DTXSID40880025	NaPFOA	Blank	1	1	M8PFOA	0.01	31638.617	0.5	NA	1	NA	1701.03	LCMS	Unknown	RT		0.0005376
20220128_PFAS_Clint_Hep12WAX_Sample004	44590	NaPFOA	DTXSID40880025	NaPFOA	Blank	1	1	M8PFOA	0.01	28787.061	0.5	NA	1	NA	630.305	LCMS	Unknown	RT		0.000219
20220128_PFAS_Clint_Hep12WAX_Sample050	44591	NaPFOA	DTXSID40880025	NaPFOA	Cvst	1	1	M8PFOA	0.01	29971.398	0.5	NA	1	0	12875.501	LCMS	Unknown	RT		0.004296
20220128_PFAS_Clint_Hep12WAX_Sample051	44591	NaPFOA	DTXSID40880025	NaPFOA	Cvst	1	1	M8PFOA	0.01	29795.438	0.5	NA	1	0	3959.112	LCMS	Unknown	RT		0.001329
20220128_PFAS_Clint_Hep12WAX_Sample052	44591	NaPFOA	DTXSID40880025	NaPFOA	Cvst	1	1	M8PFOA	0.01	29965.064	0.5	NA	1	0	5611.71	LCMS	Unknown	RT		0.001873
20220128_PFAS_Clint_Hep12WAX_Sample060	44591	NaPFOA	DTXSID40880025	NaPFOA	Cvst	1	1	M8PFOA	0.01	30664.369	0.5	NA	1	0	168664.453	LCMS	Unknown	RT		0.055
20220128_PFAS_Clint_Hep12WAX_Sample061	44591	NaPFOA	DTXSID40880025	NaPFOA	Cvst	1	1	M8PFOA	0.01	29452.494	0.5	NA	1	0	169531.016	LCMS	Unknown	RT		0.05756
20220128_PFAS_Clint_Hep12WAX_Sample062	44591	NaPFOA	DTXSID40880025	NaPFOA	Cvst	1	1	M8PFOA	0.01	31486.408	0.5	NA	1	0	123135.164	LCMS	Unknown	RT		0.03911
20220128_PFAS_Clint_Hep12WAX_Sample071	44591	NaPFOA	DTXSID40880025	NaPFOA	Cvst	1	1	M8PFOA	0.01	32518.627	0.5	NA	1	0.25	3922.389	LCMS	Unknown	RT		0.001206
20220128_PFAS_Clint_Hep12WAX_Sample072	44591	NaPFOA	DTXSID40880025	NaPFOA	Cvst	1	1	M8PFOA	0.01	30752.117	0.5	NA	1	0.25	3369.586	LCMS	Unknown	RT		0.001096
20220128_PFAS_Clint_Hep12WAX_Sample073	44591	NaPFOA	DTXSID40880025	NaPFOA	Cvst	1	1	M8PFOA	0.01	33958.098	0.5	NA	1	0.25	81067.43	LCMS	Unknown	RT		0.02387
20220128_PFAS_Clint_Hep12WAX_Sample074	44591	NaPFOA	DTXSID40880025	NaPFOA	Cvst	1	1	M8PFOA	0.01	31641.379	0.5	NA	1	0.25	41986.961	LCMS	Unknown	RT		0.01327
20220128_PFAS_Clint_Hep12WAX_Sample075	44591	NaPFOA	DTXSID40880025	NaPFOA	Cvst	1	1	M8PFOA	0.01	32100.113	0.5	NA	1	0.25	41576.758	LCMS	Unknown	RT		0.01295
20220128_PFAS_Clint_Hep12WAX_Sample076	44591	NaPFOA	DTXSID40880025	NaPFOA	Cvst	1	1	M8PFOA	0.01	31605.648	0.5	NA	1	0.25	3634.387	LCMS	Unknown	RT		0.00115
20220128_PFAS_Clint_Hep12WAX_Sample078	44591	NaPFOA	DTXSID40880025	NaPFOA	Cvst	1	1	M8PFOA	0.01	32575.014	0.5	NA	1	0.5	3755.933	LCMS	Unknown	RT		0.001153
20220128_PFAS_Clint_Hep12WAX_Sample079	44591	NaPFOA	DTXSID40880025	NaPFOA	Cvst	1	1	M8PFOA	0.01	30619.773	0.5	NA	1	0.5	3667.429	LCMS	Unknown	RT		0.001198
20220128_PFAS_Clint_Hep12WAX_Sample080	44591	NaPFOA	DTXSID40880025	NaPFOA	Cvst	1	1	M8PFOA	0.01	27389.725	0.5	NA	1	0.5	4055.222	LCMS	Unknown	RT		0.001481
20220128_PFAS_Clint_Hep12WAX_Sample081	44591	NaPFOA	DTXSID40880025	NaPFOA	Cvst	1	1	M8PFOA	0.01	29628.002	0.5	NA	1	0.5	50884.727	LCMS	Unknown	RT		0.01717
20220128_PFAS_Clint_Hep12WAX_Sample082	44591	NaPFOA	DTXSID40880025	NaPFOA	Cvst	1	1	M8PFOA	0.01	37381.566	0.5	NA	1	0.5	48488.02	LCMS	Unknown	RT		0.01297
20220128_PFAS_Clint_Hep12WAX_Sample083	44591	NaPFOA	DTXSID40880025	NaPFOA	Cvst	1	1	M8PFOA	0.01	32321.053	0.5	NA	1	0.5	48764.91	LCMS	Unknown	RT		0.01509
20220128_PFAS_Clint_Hep12WAX_Sample085	44591	NaPFOA	DTXSID40880025	NaPFOA	Cvst	1	1	M8PFOA	0.01	34522.762	0.5	NA	1	1	5737.032	LCMS	Unknown	RT		0.001662
20220128_PFAS_Clint_Hep12WAX_Sample086	44591	NaPFOA	DTXSID40880025	NaPFOA	Cvst	1	1	M8PFOA	0.01	31719.066	0.5	NA	1	1	5357.516	LCMS	Unknown	RT		0.001689
20220128_PFAS_Clint_Hep12WAX_Sample087	44591	NaPFOA	DTXSID40880025	NaPFOA	Cvst	1	1	M8PFOA	0.01	35017.859	0.5	NA	1	1	5553.982	LCMS	Unknown	RT		0.001586
20220128_PFAS_Clint_Hep12WAX_Sample088	44591	NaPFOA	DTXSID40880025	NaPFOA	Cvst	1	1	M8PFOA	0.01	33431.945	0.5	NA	1	1	148527.328	LCMS	Unknown	RT		0.04443
20220128_PFAS_Clint_Hep12WAX_Sample089	44591	NaPFOA	DTXSID40880025	NaPFOA	Cvst	1	1	M8PFOA	0.01	32080.09	0.5	NA	1	1	128842.43	LCMS	Unknown	RT		0.04016
20220128_PFAS_Clint_Hep12WAX_Sample090	44591	NaPFOA	DTXSID40880025	NaPFOA	Cvst	1	1	M8PFOA	0.01	29957.783	0.5	NA	1	1	146017.516	LCMS	Unknown	RT		0.04874
20220128_PFAS_Clint_Hep12WAX_Sample092	44591	NaPFOA	DTXSID40880025	NaPFOA	Cvst	1	1	M8PFOA	0.01	26893.357	0.5	NA	1	2	6057.571	LCMS	Unknown	RT		0.002252
20220128_PFAS_Clint_Hep12WAX_Sample093	44591	NaPFOA	DTXSID40880025	NaPFOA	Cvst	1	1	M8PFOA	0.01	29396.625	0.5	NA	1	2	5040.772	LCMS	Unknown	RT		0.001715
20220128_PFAS_Clint_Hep12WAX_Sample094	44591	NaPFOA	DTXSID40880025	NaPFOA	Cvst	1	1	M8PFOA	0.01	30255.68	0.5	NA	1	2	5175.73	LCMS	Unknown	RT		0.001711
20220128_PFAS_Clint_Hep12WAX_Sample095	44591	NaPFOA	DTXSID40880025	NaPFOA	Cvst	1	1	M8PFOA	0.01	38041.109	0.5	NA	1	2	142578.688	LCMS	Unknown	RT		0.03748
20220128_PFAS_Clint_Hep12WAX_Sample096	44591	NaPFOA	DTXSID40880025	NaPFOA	Cvst	1	1	M8PFOA	0.01	38735.691	0.5	NA	1	2	121346.383	LCMS	Unknown	RT		0.03133
20220128_PFAS_Clint_Hep12WAX_Sample097	44591	NaPFOA	DTXSID40880025	NaPFOA	Cvst	1	1	M8PFOA	0.01	28175.768	0.5	NA	1	2	154870.484	LCMS	Unknown	RT		0.05497
20220128_PFAS_Clint_Hep12WAX_Sample099	44591	NaPFOA	DTXSID40880025	NaPFOA	Cvst	1	1	M8PFOA	0.01	33521.918	0.5	NA	1	4	3559.087	LCMS	Unknown	RT		0.001062
20220128_PFAS_Clint_Hep12WAX_Sample100	44591	NaPFOA	DTXSID40880025	NaPFOA	Cvst	1	1	M8PFOA	0.01	30867.393	0.5	NA	1	4	3447.682	LCMS	Unknown	RT		0.001117
20220128_PFAS_Clint_Hep12WAX_Sample101	44591	NaPFOA	DTXSID40880025	NaPFOA	Cvst	1	1	M8PFOA	0.01	37737.359	0.5	NA	1	4	3214.067	LCMS	Unknown	RT		0.0008517
20220128_PFAS_Clint_Hep12WAX_Sample109	44591	NaPFOA	DTXSID40880025	NaPFOA	Cvst	1	1	M8PFOA	0.01	35425.828	0.5	NA	1	4	136790.391	LCMS	Unknown	RT		0.03861
20220128_PFAS_Clint_Hep12WAX_Sample110	44591	NaPFOA	DTXSID40880025	NaPFOA	Cvst	1	1	M8PFOA	0.01	36948.684	0.5	NA	1	4	129435.016	LCMS	Unknown	RT		0.03503
20220128_PFAS_Clint_Hep12WAX_Sample111	44591	NaPFOA	DTXSID40880025	NaPFOA	Cvst	1	1	M8PFOA	0.01	26749.365	0.5	NA	1	4	110909.438	LCMS	Unknown	RT		0.04146
20220128_PFAS_Clint_Hep12WAX_Sample003	44590	6:2 monoPAP	DTXSID90558000	6:2 monoPAP	Blank	1	1	M4PFHpA	0.01	32790.992	0.5	NA	1	NA	0.302	LCMS	Unknown	RT		9.21e-08
20220128_PFAS_Clint_Hep12WAX_Sample004	44590	6:2 monoPAP	DTXSID90558000	6:2 monoPAP	Blank	1	1	M4PFHpA	0.01	29956.625	0.5	NA	1	NA	2.519	LCMS	Unknown	RT		8.409e-07
20220128_PFAS_Clint_Hep12WAX_Sample050	44591	6:2 monoPAP	DTXSID90558000	6:2 monoPAP	Cvst	1	1	M4PFHpA	0.01	34199.91	0.5	NA	1	0	13.881	LCMS	Unknown	RT		4.059e-06
20220128_PFAS_Clint_Hep12WAX_Sample051	44591	6:2 monoPAP	DTXSID90558000	6:2 monoPAP	Cvst	1	1	M4PFHpA	0.01	32261.445	0.5	NA	1	0	266.924	LCMS	Unknown	RT		8.274e-05
20220128_PFAS_Clint_Hep12WAX_Sample052	44591	6:2 monoPAP	DTXSID90558000	6:2 monoPAP	Cvst	1	1	M4PFHpA	0.01	33112.684	0.5	NA	1	0	16.052	LCMS	Unknown	RT		4.848e-06
20220128_PFAS_Clint_Hep12WAX_Sample060	44591	6:2 monoPAP	DTXSID90558000	6:2 monoPAP	Cvst	1	1	M4PFHpA	0.01	34068.984	0.5	NA	1	0	211.3	LCMS	Unknown	RT		6.202e-05
20220128_PFAS_Clint_Hep12WAX_Sample061	44591	6:2 monoPAP	DTXSID90558000	6:2 monoPAP	Cvst	1	1	M4PFHpA	0.01	32640.951	0.5	NA	1	0	13.669	LCMS	Unknown	RT		4.188e-06
20220128_PFAS_Clint_Hep12WAX_Sample062	44591	6:2 monoPAP	DTXSID90558000	6:2 monoPAP	Cvst	1	1	M4PFHpA	0.01	35512.77	0.5	NA	1	0	11.099	LCMS	Unknown	RT		3.125e-06
20220128_PFAS_Clint_Hep12WAX_Sample071	44591	6:2 monoPAP	DTXSID90558000	6:2 monoPAP	Cvst	1	1	M4PFHpA	0.01	36687.727	0.5	NA	1	0.25	598.963	LCMS	Unknown	RT		0.0001633
20220128_PFAS_Clint_Hep12WAX_Sample072	44591	6:2 monoPAP	DTXSID90558000	6:2 monoPAP	Cvst	1	1	M4PFHpA	0.01	33752.277	0.5	NA	1	0.25	33.084	LCMS	Unknown	RT		9.802e-06
20220128_PFAS_Clint_Hep12WAX_Sample073	44591	6:2 monoPAP	DTXSID90558000	6:2 monoPAP	Cvst	1	1	M4PFHpA	0.01	37582.262	0.5	NA	1	0.25	738.381	LCMS	Unknown	RT		0.0001965
20220128_PFAS_Clint_Hep12WAX_Sample074	44591	6:2 monoPAP	DTXSID90558000	6:2 monoPAP	Cvst	1	1	M4PFHpA	0.01	36446.293	0.5	NA	1	0.25	48.7	LCMS	Unknown	RT		1.336e-05
20220128_PFAS_Clint_Hep12WAX_Sample075	44591	6:2 monoPAP	DTXSID90558000	6:2 monoPAP	Cvst	1	1	M4PFHpA	0.01	35567.094	0.5	NA	1	0.25	21.15	LCMS	Unknown	RT		5.947e-06
20220128_PFAS_Clint_Hep12WAX_Sample076	44591	6:2 monoPAP	DTXSID90558000	6:2 monoPAP	Cvst	1	1	M4PFHpA	0.01	35284.734	0.5	NA	1	0.25	6.222	LCMS	Unknown	RT		1.763e-06
20220128_PFAS_Clint_Hep12WAX_Sample078	44591	6:2 monoPAP	DTXSID90558000	6:2 monoPAP	Cvst	1	1	M4PFHpA	0.01	36146.996	0.5	NA	1	0.5	871.409	LCMS	Unknown	RT		0.0002411
20220128_PFAS_Clint_Hep12WAX_Sample079	44591	6:2 monoPAP	DTXSID90558000	6:2 monoPAP	Cvst	1	1	M4PFHpA	0.01	36682.977	0.5	NA	1	0.5	343.967	LCMS	Unknown	RT		9.377e-05
20220128_PFAS_Clint_Hep12WAX_Sample080	44591	6:2 monoPAP	DTXSID90558000	6:2 monoPAP	Cvst	1	1	M4PFHpA	0.01	31956.695	0.5	NA	1	0.5	1446.672	LCMS	Unknown	RT		0.0004527
20220128_PFAS_Clint_Hep12WAX_Sample081	44591	6:2 monoPAP	DTXSID90558000	6:2 monoPAP	Cvst	1	1	M4PFHpA	0.01	36528.77	0.5	NA	1	0.5	126.203	LCMS	Unknown	RT		3.455e-05
20220128_PFAS_Clint_Hep12WAX_Sample082	44591	6:2 monoPAP	DTXSID90558000	6:2 monoPAP	Cvst	1	1	M4PFHpA	0.01	42811.582	0.5	NA	1	0.5	6.688	LCMS	Unknown	RT		1.562e-06
20220128_PFAS_Clint_Hep12WAX_Sample083	44591	6:2 monoPAP	DTXSID90558000	6:2 monoPAP	Cvst	1	1	M4PFHpA	0.01	37234.043	0.5	NA	1	0.5	3.308	LCMS	Unknown	RT		8.884e-07
20220128_PFAS_Clint_Hep12WAX_Sample085	44591	6:2 monoPAP	DTXSID90558000	6:2 monoPAP	Cvst	1	1	M4PFHpA	0.01	36861.742	0.5	NA	1	1	30.579	LCMS	Unknown	RT		8.296e-06
20220128_PFAS_Clint_Hep12WAX_Sample086	44591	6:2 monoPAP	DTXSID90558000	6:2 monoPAP	Cvst	1	1	M4PFHpA	0.01	35884.957	0.5	NA	1	1	391.906	LCMS	Unknown	RT		0.0001092
20220128_PFAS_Clint_Hep12WAX_Sample087	44591	6:2 monoPAP	DTXSID90558000	6:2 monoPAP	Cvst	1	1	M4PFHpA	0.01	37501.242	0.5	NA	1	1	16.637	LCMS	Unknown	RT		4.436e-06
20220128_PFAS_Clint_Hep12WAX_Sample088	44591	6:2 monoPAP	DTXSID90558000	6:2 monoPAP	Cvst	1	1	M4PFHpA	0.01	39554.563	0.5	NA	1	1	2.771	LCMS	Unknown	RT		7.006e-07
20220128_PFAS_Clint_Hep12WAX_Sample089	44591	6:2 monoPAP	DTXSID90558000	6:2 monoPAP	Cvst	1	1	M4PFHpA	0.01	36063.859	0.5	NA	1	1	3.602	LCMS	Unknown	RT		9.988e-07
20220128_PFAS_Clint_Hep12WAX_Sample090	44591	6:2 monoPAP	DTXSID90558000	6:2 monoPAP	Cvst	1	1	M4PFHpA	0.01	33545.313	0.5	NA	1	1	7.411	LCMS	Unknown	RT		2.209e-06
20220128_PFAS_Clint_Hep12WAX_Sample092	44591	6:2 monoPAP	DTXSID90558000	6:2 monoPAP	Cvst	1	1	M4PFHpA	0.01	31576.688	0.5	NA	1	2	430.739	LCMS	Unknown	RT		0.0001364
20220128_PFAS_Clint_Hep12WAX_Sample093	44591	6:2 monoPAP	DTXSID90558000	6:2 monoPAP	Cvst	1	1	M4PFHpA	0.01	32585.35	0.5	NA	1	2	29.77	LCMS	Unknown	RT		9.136e-06
20220128_PFAS_Clint_Hep12WAX_Sample094	44591	6:2 monoPAP	DTXSID90558000	6:2 monoPAP	Cvst	1	1	M4PFHpA	0.01	36246.047	0.5	NA	1	2	405.069	LCMS	Unknown	RT		0.0001118
20220128_PFAS_Clint_Hep12WAX_Sample095	44591	6:2 monoPAP	DTXSID90558000	6:2 monoPAP	Cvst	1	1	M4PFHpA	0.01	42773.938	0.5	NA	1	2	19.522	LCMS	Unknown	RT		4.564e-06
20220128_PFAS_Clint_Hep12WAX_Sample096	44591	6:2 monoPAP	DTXSID90558000	6:2 monoPAP	Cvst	1	1	M4PFHpA	0.01	43378.781	0.5	NA	1	2	1.485	LCMS	Unknown	RT		3.423e-07
20220128_PFAS_Clint_Hep12WAX_Sample097	44591	6:2 monoPAP	DTXSID90558000	6:2 monoPAP	Cvst	1	1	M4PFHpA	0.01	33214.922	0.5	NA	1	2	4.741	LCMS	Unknown	RT		1.427e-06
20220128_PFAS_Clint_Hep12WAX_Sample099	44591	6:2 monoPAP	DTXSID90558000	6:2 monoPAP	Cvst	1	1	M4PFHpA	0.01	36038.531	0.5	NA	1	4	135.849	LCMS	Unknown	RT		3.77e-05
20220128_PFAS_Clint_Hep12WAX_Sample100	44591	6:2 monoPAP	DTXSID90558000	6:2 monoPAP	Cvst	1	1	M4PFHpA	0.01	35680	0.5	NA	1	4	209.368	LCMS	Unknown	RT		5.868e-05
20220128_PFAS_Clint_Hep12WAX_Sample101	44591	6:2 monoPAP	DTXSID90558000	6:2 monoPAP	Cvst	1	1	M4PFHpA	0.01	40400.762	0.5	NA	1	4	7.88	LCMS	Unknown	RT		1.95e-06
20220128_PFAS_Clint_Hep12WAX_Sample109	44591	6:2 monoPAP	DTXSID90558000	6:2 monoPAP	Cvst	1	1	M4PFHpA	0.01	37002.543	0.5	NA	1	4	31.154	LCMS	Unknown	RT		8.419e-06
20220128_PFAS_Clint_Hep12WAX_Sample110	44591	6:2 monoPAP	DTXSID90558000	6:2 monoPAP	Cvst	1	1	M4PFHpA	0.01	41312.652	0.5	NA	1	4	44.509	LCMS	Unknown	RT		1.077e-05
20220128_PFAS_Clint_Hep12WAX_Sample111	44591	6:2 monoPAP	DTXSID90558000	6:2 monoPAP	Cvst	1	1	M4PFHpA	0.01	31096.396	0.5	NA	1	4	11.833	LCMS	Unknown	RT		3.805e-06
20220128_PFAS_Clint_Hep12WAX_Sample003	44590	PFPE-5	DTXSID50381073	PFPE-5	Blank	1	1	M6PFDA	0.01	7907.676	0.5	NA	1	NA	3.79	LCMS	Unknown	RT		4.793e-06
20220128_PFAS_Clint_Hep12WAX_Sample004	44590	PFPE-5	DTXSID50381073	PFPE-5	Blank	1	1	M6PFDA	0.01	7878.446	0.5	NA	1	NA	2.377	LCMS	Unknown	RT		3.017e-06
20220128_PFAS_Clint_Hep12WAX_Sample050	44591	PFPE-5	DTXSID50381073	PFPE-5	Cvst	1	1	M6PFDA	0.01	10902.349	0.5	NA	1	0	24225.857	LCMS	Unknown	RT		0.02222
20220128_PFAS_Clint_Hep12WAX_Sample051	44591	PFPE-5	DTXSID50381073	PFPE-5	Cvst	1	1	M6PFDA	0.01	13561.155	0.5	NA	1	0	2279.656	LCMS	Unknown	RT		0.001681
20220128_PFAS_Clint_Hep12WAX_Sample052	44591	PFPE-5	DTXSID50381073	PFPE-5	Cvst	1	1	M6PFDA	0.01	11542.212	0.5	NA	1	0	17869.354	LCMS	Unknown	RT		0.01548
20220128_PFAS_Clint_Hep12WAX_Sample060	44591	PFPE-5	DTXSID50381073	PFPE-5	Cvst	1	1	M6PFDA	0.01	12353.722	0.5	NA	1	0	156927.547	LCMS	Unknown	RT		0.127
20220128_PFAS_Clint_Hep12WAX_Sample061	44591	PFPE-5	DTXSID50381073	PFPE-5	Cvst	1	1	M6PFDA	0.01	13006.025	0.5	NA	1	0	158276.094	LCMS	Unknown	RT		0.1217
20220128_PFAS_Clint_Hep12WAX_Sample062	44591	PFPE-5	DTXSID50381073	PFPE-5	Cvst	1	1	M6PFDA	0.01	13945.499	0.5	NA	1	0	181573.875	LCMS	Unknown	RT		0.1302
20220128_PFAS_Clint_Hep12WAX_Sample071	44591	PFPE-5	DTXSID50381073	PFPE-5	Cvst	1	1	M6PFDA	0.01	11554.546	0.5	NA	1	0.25	296.019	LCMS	Unknown	RT		0.0002562
20220128_PFAS_Clint_Hep12WAX_Sample072	44591	PFPE-5	DTXSID50381073	PFPE-5	Cvst	1	1	M6PFDA	0.01	11328.347	0.5	NA	1	0.25	229.219	LCMS	Unknown	RT		0.0002023
20220128_PFAS_Clint_Hep12WAX_Sample073	44591	PFPE-5	DTXSID50381073	PFPE-5	Cvst	1	1	M6PFDA	0.01	11772.775	0.5	NA	1	0.25	43021.715	LCMS	Unknown	RT		0.03654
20220128_PFAS_Clint_Hep12WAX_Sample074	44591	PFPE-5	DTXSID50381073	PFPE-5	Cvst	1	1	M6PFDA	0.01	11045.458	0.5	NA	1	0.25	24573.508	LCMS	Unknown	RT		0.02225
20220128_PFAS_Clint_Hep12WAX_Sample075	44591	PFPE-5	DTXSID50381073	PFPE-5	Cvst	1	1	M6PFDA	0.01	11094.655	0.5	NA	1	0.25	25609.16	LCMS	Unknown	RT		0.02308
20220128_PFAS_Clint_Hep12WAX_Sample076	44591	PFPE-5	DTXSID50381073	PFPE-5	Cvst	1	1	M6PFDA	0.01	11114.468	0.5	NA	1	0.25	3.164	LCMS	Unknown	RT		2.847e-06
20220128_PFAS_Clint_Hep12WAX_Sample078	44591	PFPE-5	DTXSID50381073	PFPE-5	Cvst	1	1	M6PFDA	0.01	12545.652	0.5	NA	1	0.5	353.952	LCMS	Unknown	RT		0.0002821
20220128_PFAS_Clint_Hep12WAX_Sample079	44591	PFPE-5	DTXSID50381073	PFPE-5	Cvst	1	1	M6PFDA	0.01	9320.707	0.5	NA	1	0.5	114.39	LCMS	Unknown	RT		0.0001227
20220128_PFAS_Clint_Hep12WAX_Sample080	44591	PFPE-5	DTXSID50381073	PFPE-5	Cvst	1	1	M6PFDA	0.01	9439.822	0.5	NA	1	0.5	129.724	LCMS	Unknown	RT		0.0001374
20220128_PFAS_Clint_Hep12WAX_Sample081	44591	PFPE-5	DTXSID50381073	PFPE-5	Cvst	1	1	M6PFDA	0.01	11069.373	0.5	NA	1	0.5	39369.617	LCMS	Unknown	RT		0.03557
20220128_PFAS_Clint_Hep12WAX_Sample082	44591	PFPE-5	DTXSID50381073	PFPE-5	Cvst	1	1	M6PFDA	0.01	10986.005	0.5	NA	1	0.5	40364.531	LCMS	Unknown	RT		0.03674
20220128_PFAS_Clint_Hep12WAX_Sample083	44591	PFPE-5	DTXSID50381073	PFPE-5	Cvst	1	1	M6PFDA	0.01	11305.595	0.5	NA	1	0.5	42766.617	LCMS	Unknown	RT		0.03783
20220128_PFAS_Clint_Hep12WAX_Sample085	44591	PFPE-5	DTXSID50381073	PFPE-5	Cvst	1	1	M6PFDA	0.01	13413.478	0.5	NA	1	1	1449.545	LCMS	Unknown	RT		0.001081
20220128_PFAS_Clint_Hep12WAX_Sample086	44591	PFPE-5	DTXSID50381073	PFPE-5	Cvst	1	1	M6PFDA	0.01	11772.023	0.5	NA	1	1	636.755	LCMS	Unknown	RT		0.0005409
20220128_PFAS_Clint_Hep12WAX_Sample087	44591	PFPE-5	DTXSID50381073	PFPE-5	Cvst	1	1	M6PFDA	0.01	12615.964	0.5	NA	1	1	282.706	LCMS	Unknown	RT		0.0002241
20220128_PFAS_Clint_Hep12WAX_Sample088	44591	PFPE-5	DTXSID50381073	PFPE-5	Cvst	1	1	M6PFDA	0.01	12217.579	0.5	NA	1	1	181385.094	LCMS	Unknown	RT		0.1485
20220128_PFAS_Clint_Hep12WAX_Sample089	44591	PFPE-5	DTXSID50381073	PFPE-5	Cvst	1	1	M6PFDA	0.01	12959.385	0.5	NA	1	1	144024.313	LCMS	Unknown	RT		0.1111
20220128_PFAS_Clint_Hep12WAX_Sample090	44591	PFPE-5	DTXSID50381073	PFPE-5	Cvst	1	1	M6PFDA	0.01	12746.313	0.5	NA	1	1	150546.063	LCMS	Unknown	RT		0.1181
20220128_PFAS_Clint_Hep12WAX_Sample092	44591	PFPE-5	DTXSID50381073	PFPE-5	Cvst	1	1	M6PFDA	0.01	9876.432	0.5	NA	1	2	2557.629	LCMS	Unknown	RT		0.00259
20220128_PFAS_Clint_Hep12WAX_Sample093	44591	PFPE-5	DTXSID50381073	PFPE-5	Cvst	1	1	M6PFDA	0.01	10436.672	0.5	NA	1	2	887.944	LCMS	Unknown	RT		0.0008508
20220128_PFAS_Clint_Hep12WAX_Sample094	44591	PFPE-5	DTXSID50381073	PFPE-5	Cvst	1	1	M6PFDA	0.01	10549.924	0.5	NA	1	2	1155.208	LCMS	Unknown	RT		0.001095
20220128_PFAS_Clint_Hep12WAX_Sample095	44591	PFPE-5	DTXSID50381073	PFPE-5	Cvst	1	1	M6PFDA	0.01	12178.593	0.5	NA	1	2	154983.531	LCMS	Unknown	RT		0.1273
20220128_PFAS_Clint_Hep12WAX_Sample096	44591	PFPE-5	DTXSID50381073	PFPE-5	Cvst	1	1	M6PFDA	0.01	10434.901	0.5	NA	1	2	136512.719	LCMS	Unknown	RT		0.1308
20220128_PFAS_Clint_Hep12WAX_Sample097	44591	PFPE-5	DTXSID50381073	PFPE-5	Cvst	1	1	M6PFDA	0.01	11009.681	0.5	NA	1	2	149256.531	LCMS	Unknown	RT		0.1356
20220128_PFAS_Clint_Hep12WAX_Sample099	44591	PFPE-5	DTXSID50381073	PFPE-5	Cvst	1	1	M6PFDA	0.01	11066.666	0.5	NA	1	4	1082.595	LCMS	Unknown	RT		0.0009782
20220128_PFAS_Clint_Hep12WAX_Sample100	44591	PFPE-5	DTXSID50381073	PFPE-5	Cvst	1	1	M6PFDA	0.01	10708.593	0.5	NA	1	4	370.718	LCMS	Unknown	RT		0.0003462
20220128_PFAS_Clint_Hep12WAX_Sample101	44591	PFPE-5	DTXSID50381073	PFPE-5	Cvst	1	1	M6PFDA	0.01	12302.731	0.5	NA	1	4	488.041	LCMS	Unknown	RT		0.0003967
20220128_PFAS_Clint_Hep12WAX_Sample109	44591	PFPE-5	DTXSID50381073	PFPE-5	Cvst	1	1	M6PFDA	0.01	11615.896	0.5	NA	1	4	145538.594	LCMS	Unknown	RT		0.1253
20220128_PFAS_Clint_Hep12WAX_Sample110	44591	PFPE-5	DTXSID50381073	PFPE-5	Cvst	1	1	M6PFDA	0.01	10071.792	0.5	NA	1	4	141339.703	LCMS	Unknown	RT		0.1403
20220128_PFAS_Clint_Hep12WAX_Sample111	44591	PFPE-5	DTXSID50381073	PFPE-5	Cvst	1	1	M6PFDA	0.01	10054.609	0.5	NA	1	4	117195.555	LCMS	Unknown	RT		0.1166
20220128_PFAS_Clint_Hep12WAX_Sample003	44590	11H-PFUnDA	DTXSID5061954	11H-PFUnDA	Blank	1	1	M6PFDA	0.01	7907.676	0.5	NA	1	NA	134.708	LCMS	Unknown	RT		0.0001704
20220128_PFAS_Clint_Hep12WAX_Sample004	44590	11H-PFUnDA	DTXSID5061954	11H-PFUnDA	Blank	1	1	M6PFDA	0.01	7878.446	0.5	NA	1	NA	28.874	LCMS	Unknown	RT		3.665e-05
20220128_PFAS_Clint_Hep12WAX_Sample050	44591	11H-PFUnDA	DTXSID5061954	11H-PFUnDA	Cvst	1	1	M6PFDA	0.01	10902.349	0.5	NA	1	0	959.883	LCMS	Unknown	RT		0.0008804
20220128_PFAS_Clint_Hep12WAX_Sample051	44591	11H-PFUnDA	DTXSID5061954	11H-PFUnDA	Cvst	1	1	M6PFDA	0.01	13561.155	0.5	NA	1	0	632.824	LCMS	Unknown	RT		0.0004666
20220128_PFAS_Clint_Hep12WAX_Sample052	44591	11H-PFUnDA	DTXSID5061954	11H-PFUnDA	Cvst	1	1	M6PFDA	0.01	11542.212	0.5	NA	1	0	162.837	LCMS	Unknown	RT		0.0001411
20220128_PFAS_Clint_Hep12WAX_Sample060	44591	11H-PFUnDA	DTXSID5061954	11H-PFUnDA	Cvst	1	1	M6PFDA	0.01	12353.722	0.5	NA	1	0	35562.168	LCMS	Unknown	RT		0.02879
20220128_PFAS_Clint_Hep12WAX_Sample061	44591	11H-PFUnDA	DTXSID5061954	11H-PFUnDA	Cvst	1	1	M6PFDA	0.01	13006.025	0.5	NA	1	0	45780.859	LCMS	Unknown	RT		0.0352
20220128_PFAS_Clint_Hep12WAX_Sample062	44591	11H-PFUnDA	DTXSID5061954	11H-PFUnDA	Cvst	1	1	M6PFDA	0.01	13945.499	0.5	NA	1	0	38866.828	LCMS	Unknown	RT		0.02787
20220128_PFAS_Clint_Hep12WAX_Sample071	44591	11H-PFUnDA	DTXSID5061954	11H-PFUnDA	Cvst	1	1	M6PFDA	0.01	11554.546	0.5	NA	1	0.25	37.303	LCMS	Unknown	RT		3.228e-05
20220128_PFAS_Clint_Hep12WAX_Sample072	44591	11H-PFUnDA	DTXSID5061954	11H-PFUnDA	Cvst	1	1	M6PFDA	0.01	11328.347	0.5	NA	1	0.25	17.669	LCMS	Unknown	RT		1.56e-05
20220128_PFAS_Clint_Hep12WAX_Sample073	44591	11H-PFUnDA	DTXSID5061954	11H-PFUnDA	Cvst	1	1	M6PFDA	0.01	11772.775	0.5	NA	1	0.25	10064.2	LCMS	Unknown	RT		0.008549
20220128_PFAS_Clint_Hep12WAX_Sample074	44591	11H-PFUnDA	DTXSID5061954	11H-PFUnDA	Cvst	1	1	M6PFDA	0.01	11045.458	0.5	NA	1	0.25	3239.86	LCMS	Unknown	RT		0.002933
20220128_PFAS_Clint_Hep12WAX_Sample075	44591	11H-PFUnDA	DTXSID5061954	11H-PFUnDA	Cvst	1	1	M6PFDA	0.01	11094.655	0.5	NA	1	0.25	2893.865	LCMS	Unknown	RT		0.002608
20220128_PFAS_Clint_Hep12WAX_Sample076	44591	11H-PFUnDA	DTXSID5061954	11H-PFUnDA	Cvst	1	1	M6PFDA	0.01	11114.468	0.5	NA	1	0.25	129.818	LCMS	Unknown	RT		0.0001168
20220128_PFAS_Clint_Hep12WAX_Sample078	44591	11H-PFUnDA	DTXSID5061954	11H-PFUnDA	Cvst	1	1	M6PFDA	0.01	12545.652	0.5	NA	1	0.5	7.562	LCMS	Unknown	RT		6.028e-06
20220128_PFAS_Clint_Hep12WAX_Sample079	44591	11H-PFUnDA	DTXSID5061954	11H-PFUnDA	Cvst	1	1	M6PFDA	0.01	9320.707	0.5	NA	1	0.5	89.614	LCMS	Unknown	RT		9.615e-05
20220128_PFAS_Clint_Hep12WAX_Sample080	44591	11H-PFUnDA	DTXSID5061954	11H-PFUnDA	Cvst	1	1	M6PFDA	0.01	9439.822	0.5	NA	1	0.5	75.457	LCMS	Unknown	RT		7.993e-05
20220128_PFAS_Clint_Hep12WAX_Sample081	44591	11H-PFUnDA	DTXSID5061954	11H-PFUnDA	Cvst	1	1	M6PFDA	0.01	11069.373	0.5	NA	1	0.5	5001.879	LCMS	Unknown	RT		0.004519
20220128_PFAS_Clint_Hep12WAX_Sample082	44591	11H-PFUnDA	DTXSID5061954	11H-PFUnDA	Cvst	1	1	M6PFDA	0.01	10986.005	0.5	NA	1	0.5	5131.497	LCMS	Unknown	RT		0.004671
20220128_PFAS_Clint_Hep12WAX_Sample083	44591	11H-PFUnDA	DTXSID5061954	11H-PFUnDA	Cvst	1	1	M6PFDA	0.01	11305.595	0.5	NA	1	0.5	4733.908	LCMS	Unknown	RT		0.004187
20220128_PFAS_Clint_Hep12WAX_Sample085	44591	11H-PFUnDA	DTXSID5061954	11H-PFUnDA	Cvst	1	1	M6PFDA	0.01	13413.478	0.5	NA	1	1	160.498	LCMS	Unknown	RT		0.0001197
20220128_PFAS_Clint_Hep12WAX_Sample086	44591	11H-PFUnDA	DTXSID5061954	11H-PFUnDA	Cvst	1	1	M6PFDA	0.01	11772.023	0.5	NA	1	1	133.586	LCMS	Unknown	RT		0.0001135
20220128_PFAS_Clint_Hep12WAX_Sample087	44591	11H-PFUnDA	DTXSID5061954	11H-PFUnDA	Cvst	1	1	M6PFDA	0.01	12615.964	0.5	NA	1	1	151.062	LCMS	Unknown	RT		0.0001197
20220128_PFAS_Clint_Hep12WAX_Sample088	44591	11H-PFUnDA	DTXSID5061954	11H-PFUnDA	Cvst	1	1	M6PFDA	0.01	12217.579	0.5	NA	1	1	33696.398	LCMS	Unknown	RT		0.02758
20220128_PFAS_Clint_Hep12WAX_Sample089	44591	11H-PFUnDA	DTXSID5061954	11H-PFUnDA	Cvst	1	1	M6PFDA	0.01	12959.385	0.5	NA	1	1	34256.27	LCMS	Unknown	RT		0.02643
20220128_PFAS_Clint_Hep12WAX_Sample090	44591	11H-PFUnDA	DTXSID5061954	11H-PFUnDA	Cvst	1	1	M6PFDA	0.01	12746.313	0.5	NA	1	1	28051.586	LCMS	Unknown	RT		0.02201
20220128_PFAS_Clint_Hep12WAX_Sample092	44591	11H-PFUnDA	DTXSID5061954	11H-PFUnDA	Cvst	1	1	M6PFDA	0.01	9876.432	0.5	NA	1	2	134.09	LCMS	Unknown	RT		0.0001358
20220128_PFAS_Clint_Hep12WAX_Sample093	44591	11H-PFUnDA	DTXSID5061954	11H-PFUnDA	Cvst	1	1	M6PFDA	0.01	10436.672	0.5	NA	1	2	31.188	LCMS	Unknown	RT		2.988e-05
20220128_PFAS_Clint_Hep12WAX_Sample094	44591	11H-PFUnDA	DTXSID5061954	11H-PFUnDA	Cvst	1	1	M6PFDA	0.01	10549.924	0.5	NA	1	2	158.117	LCMS	Unknown	RT		0.0001499
20220128_PFAS_Clint_Hep12WAX_Sample095	44591	11H-PFUnDA	DTXSID5061954	11H-PFUnDA	Cvst	1	1	M6PFDA	0.01	12178.593	0.5	NA	1	2	26582.781	LCMS	Unknown	RT		0.02183
20220128_PFAS_Clint_Hep12WAX_Sample096	44591	11H-PFUnDA	DTXSID5061954	11H-PFUnDA	Cvst	1	1	M6PFDA	0.01	10434.901	0.5	NA	1	2	26723.199	LCMS	Unknown	RT		0.02561
20220128_PFAS_Clint_Hep12WAX_Sample097	44591	11H-PFUnDA	DTXSID5061954	11H-PFUnDA	Cvst	1	1	M6PFDA	0.01	11009.681	0.5	NA	1	2	36458.336	LCMS	Unknown	RT		0.03311
20220128_PFAS_Clint_Hep12WAX_Sample099	44591	11H-PFUnDA	DTXSID5061954	11H-PFUnDA	Cvst	1	1	M6PFDA	0.01	11066.666	0.5	NA	1	4	231.13	LCMS	Unknown	RT		0.0002089
20220128_PFAS_Clint_Hep12WAX_Sample100	44591	11H-PFUnDA	DTXSID5061954	11H-PFUnDA	Cvst	1	1	M6PFDA	0.01	10708.593	0.5	NA	1	4	38.009	LCMS	Unknown	RT		3.549e-05
20220128_PFAS_Clint_Hep12WAX_Sample101	44591	11H-PFUnDA	DTXSID5061954	11H-PFUnDA	Cvst	1	1	M6PFDA	0.01	12302.731	0.5	NA	1	4	73.232	LCMS	Unknown	RT		5.952e-05
20220128_PFAS_Clint_Hep12WAX_Sample109	44591	11H-PFUnDA	DTXSID5061954	11H-PFUnDA	Cvst	1	1	M6PFDA	0.01	11615.896	0.5	NA	1	4	32430.877	LCMS	Unknown	RT		0.02792
20220128_PFAS_Clint_Hep12WAX_Sample110	44591	11H-PFUnDA	DTXSID5061954	11H-PFUnDA	Cvst	1	1	M6PFDA	0.01	10071.792	0.5	NA	1	4	26262.365	LCMS	Unknown	RT		0.02608
20220128_PFAS_Clint_Hep12WAX_Sample111	44591	11H-PFUnDA	DTXSID5061954	11H-PFUnDA	Cvst	1	1	M6PFDA	0.01	10054.609	0.5	NA	1	4	24703.008	LCMS	Unknown	RT		0.02457
