Lab.Sample.Name	Date	Compound.Name	DTXSID	Lab.Compound.Name	Sample.Type	Dilution.Factor	Calibration	Standard.Conc	UC.Assay.T1.Conc	ISTD.Name	ISTD.Conc	ISTD.Area	Series	Area	Analysis.Method	Analysis.Instrument	Analysis.Parameters	Note	Level0.File	Level0.Sheet	Response	Verified
UCCC14	2021-11-16	1-Iodopentadecafluoroheptane	DTXSID5059828	513	CC	1	2021-11-16	3.5	10	MFBET	1	26608.4	NA	340470	GCMS	Agilent 8890 GC w 7010 triple quadrupole	Analyte RT: 6.36908 ISTD RT: 8.18483	7010_3_111621010.D	UC_513_268_275_812_121921.xlsx	Data	12.8	Y
UCCC12	2021-11-16	1-Iodopentadecafluoroheptane	DTXSID5059828	513	CC	1	2021-11-16	1.5	10	MFBET	1	24259.6	NA	125466	GCMS	Agilent 8890 GC w 7010 triple quadrupole	Analyte RT: 6.36255 ISTD RT: 8.1783	7010_3_111621012.D	UC_513_268_275_812_121921.xlsx	Data	5.172	Y
UCCC11	2021-11-16	1-Iodopentadecafluoroheptane	DTXSID5059828	513	CC	1	2021-11-16	0.8	10	MFBET	1	25239.3	NA	64496.1	GCMS	Agilent 8890 GC w 7010 triple quadrupole	Analyte RT: 6.37562 ISTD RT: 8.19135	7010_3_111621013.D	UC_513_268_275_812_121921.xlsx	Data	2.555	Y
UCCC10	2021-11-16	1-Iodopentadecafluoroheptane	DTXSID5059828	513	CC	1	2021-11-16	0.5	10	MFBET	1	24890.6	NA	40989.4	GCMS	Agilent 8890 GC w 7010 triple quadrupole	Analyte RT: 6.36257 ISTD RT: 8.1783	7010_3_111621014.D	UC_513_268_275_812_121921.xlsx	Data	1.647	Y
UCCC9	2021-11-16	1-Iodopentadecafluoroheptane	DTXSID5059828	513	CC	1	2021-11-16	0.35	10	MFBET	1	21394.3	NA	32826	GCMS	Agilent 8890 GC w 7010 triple quadrupole	Analyte RT: 6.3691 ISTD RT: 8.18483	7010_3_111621015.D	UC_513_268_275_812_121921.xlsx	Data	1.534	Y
UCCC8	2021-11-16	1-Iodopentadecafluoroheptane	DTXSID5059828	513	CC	1	2021-11-16	0.2	10	MFBET	1	24564.1	NA	18407.3	GCMS	Agilent 8890 GC w 7010 triple quadrupole	Analyte RT: 6.36908 ISTD RT: 8.18482	7010_3_111621016.D	UC_513_268_275_812_121921.xlsx	Data	0.7494	Y
UCCC7	2021-11-16	1-Iodopentadecafluoroheptane	DTXSID5059828	513	CC	1	2021-11-16	0.125	10	MFBET	1	25970.5	NA	10647.7	GCMS	Agilent 8890 GC w 7010 triple quadrupole	Analyte RT: 6.36908 ISTD RT: 8.18482	7010_3_111621017.D	UC_513_268_275_812_121921.xlsx	Data	0.41	Y
UCCC6	2021-11-16	1-Iodopentadecafluoroheptane	DTXSID5059828	513	CC	1	2021-11-16	0.08	10	MFBET	1	24853.6	NA	7964.42	GCMS	Agilent 8890 GC w 7010 triple quadrupole	Analyte RT: 6.36908 ISTD RT: 8.1783	7010_3_111621018.D	UC_513_268_275_812_121921.xlsx	Data	0.3205	Y
UCCC5	2021-11-16	1-Iodopentadecafluoroheptane	DTXSID5059828	513	CC	1	2021-11-16	0.05	10	MFBET	1	23540.4	NA	4064	GCMS	Agilent 8890 GC w 7010 triple quadrupole	Analyte RT: 6.35603 ISTD RT: 8.1783	7010_3_111621019.D	UC_513_268_275_812_121921.xlsx	Data	0.1726	Y
UCCC4	2021-11-16	1-Iodopentadecafluoroheptane	DTXSID5059828	513	CC	1	2021-11-16	0.03	10	MFBET	1	23316.7	NA	2089.49	GCMS	Agilent 8890 GC w 7010 triple quadrupole	Analyte RT: 6.41477 ISTD RT: 8.18482	7010_3_111621020.D	UC_513_268_275_812_121921.xlsx	Data	0.08961	Y
UCCC3	2021-11-16	1-Iodopentadecafluoroheptane	DTXSID5059828	513	CC	1	2021-11-16	0.02	10	MFBET	1	26339.6	NA	2450.61	GCMS	Agilent 8890 GC w 7010 triple quadrupole	Analyte RT: 6.36908 ISTD RT: 8.19135	7010_3_111621021.D	UC_513_268_275_812_121921.xlsx	Data	0.09304	Y
UCCC2	2021-11-16	1-Iodopentadecafluoroheptane	DTXSID5059828	513	CC	1	2021-11-16	0.012	10	MFBET	1	24450.5	NA	2054.7	GCMS	Agilent 8890 GC w 7010 triple quadrupole	Analyte RT: 6.35603 ISTD RT: 8.1783	7010_3_111621022.D	UC_513_268_275_812_121921.xlsx	Data	0.08404	Y
UCCC1	2021-11-16	1-Iodopentadecafluoroheptane	DTXSID5059828	513	CC	1	2021-11-16	0.007	10	MFBET	1	23051.6	NA	676.922	GCMS	Agilent 8890 GC w 7010 triple quadrupole	Analyte RT: 6.3756 ISTD RT: 8.19135	7010_3_111621023.D	UC_513_268_275_812_121921.xlsx	Data	0.02937	Y
UCCC spike	2021-11-16	1-Iodopentadecafluoroheptane	DTXSID5059828	513	CC	1	2021-11-16	0	10	MFBET	1	25949.8	NA	0	GCMS	Agilent 8890 GC w 7010 triple quadrupole	Analyte RT: 6.33645 ISTD RT: 8.16523	7010_3_111621000.D	UC_513_268_275_812_121921.xlsx	Data	0	Y
UCCC spike	2021-11-16	1-Iodopentadecafluoroheptane	DTXSID5059828	513	CC	1	2021-11-16	0	10	MFBET	1	26768.4	NA	0	GCMS	Agilent 8890 GC w 7010 triple quadrupole	Analyte RT: 6.43435 ISTD RT: 8.18482	7010_3_111621001.D	UC_513_268_275_812_121921.xlsx	Data	0	Y
UCCC spike	2021-11-16	1-Iodopentadecafluoroheptane	DTXSID5059828	513	CC	1	2021-11-16	0	10	MFBET	1	23923	NA	0	GCMS	Agilent 8890 GC w 7010 triple quadrupole	Analyte RT: 6.44088 ISTD RT: 8.19135	7010_3_111621002.D	UC_513_268_275_812_121921.xlsx	Data	0	Y
UCCC spike	2021-11-16	1-Iodopentadecafluoroheptane	DTXSID5059828	513	CC	1	2021-11-16	0	10	MFBET	1	23048.2	NA	0	GCMS	Agilent 8890 GC w 7010 triple quadrupole	Analyte RT: 6.25813 ISTD RT: 8.1783	7010_3_111621003.D	UC_513_268_275_812_121921.xlsx	Data	0	Y
UCCC spike	2021-11-16	1-Iodopentadecafluoroheptane	DTXSID5059828	513	CC	1	2021-11-16	0	10	MFBET	1	26705.3	NA	0	GCMS	Agilent 8890 GC w 7010 triple quadrupole	Analyte RT: 6.3495 ISTD RT: 8.18482	7010_3_111621004.D	UC_513_268_275_812_121921.xlsx	Data	0	Y
UCG8QCCC5	2021-11-16	1-Iodopentadecafluoroheptane	DTXSID5059828	513	CC	1	2021-11-16	0.05	10	MFBET	1	25901.4	NA	7632.73	GCMS	Agilent 8890 GC w 7010 triple quadrupole	Analyte RT: 6.36257 ISTD RT: 8.19135	7010_3_111621025.D	UC_513_268_275_812_121921.xlsx	Data	0.2947	Y
UCG8QCCC8	2021-11-16	1-Iodopentadecafluoroheptane	DTXSID5059828	513	CC	1	2021-11-16	0.2	10	MFBET	1	27204.2	NA	28080.9	GCMS	Agilent 8890 GC w 7010 triple quadrupole	Analyte RT: 6.38215 ISTD RT: 8.19788	7010_3_111621026.D	UC_513_268_275_812_121921.xlsx	Data	1.032	Y
UCG8QCCC11	2021-11-16	1-Iodopentadecafluoroheptane	DTXSID5059828	513	CC	1	2021-11-16	0.8	10	MFBET	1	24329	NA	105685	GCMS	Agilent 8890 GC w 7010 triple quadrupole	Analyte RT: 6.36257 ISTD RT: 8.18483	7010_3_111621027.D	UC_513_268_275_812_121921.xlsx	Data	4.344	Y
UCCC7	2021-11-16	1-Iodopentadecafluoroheptane	DTXSID5059828	513	CC	1	2021-11-16	0.125	10	MFBET	1	24565.1	NA	8261.63	GCMS	Agilent 8890 GC w 7010 triple quadrupole	Analyte RT: 6.36908 ISTD RT: 8.19137	7010_3_111621028.D	UC_513_268_275_812_121921.xlsx	Data	0.3363	Y
UCCC10	2021-11-16	1-Iodopentadecafluoroheptane	DTXSID5059828	513	CC	1	2021-11-16	0.5	10	MFBET	1	24172	NA	28219.6	GCMS	Agilent 8890 GC w 7010 triple quadrupole	Analyte RT: 6.36908 ISTD RT: 8.19135	7010_3_111621035.D	UC_513_268_275_812_121921.xlsx	Data	1.167	Y
UCCC4	2021-11-16	1-Iodopentadecafluoroheptane	DTXSID5059828	513	CC	1	2021-11-16	0.03	10	MFBET	1	23014.9	NA	2612.06	GCMS	Agilent 8890 GC w 7010 triple quadrupole	Analyte RT: 6.36908 ISTD RT: 8.1783	7010_3_111621046.D	UC_513_268_275_812_121921.xlsx	Data	0.1135	Y
UCCC9	2021-11-16	1-Iodopentadecafluoroheptane	DTXSID5059828	513	CC	1	2021-11-16	0.35	10	MFBET	1	23274.1	NA	17925.9	GCMS	Agilent 8890 GC w 7010 triple quadrupole	Analyte RT: 6.37562 ISTD RT: 8.19135	7010_3_111621050.D	UC_513_268_275_812_121921.xlsx	Data	0.7702	Y
UCG8 S2 T1b	2021-11-16	1-Iodopentadecafluoroheptane	DTXSID5059828	513	T1	10	2021-11-16	NA	10	MFBET	1	25236.2	2	26063.4	GCMS	Agilent 8890 GC w 7010 triple quadrupole	Analyte RT: 6.36257 ISTD RT: 8.17178	7010_3_111621030.D	UC_513_268_275_812_121921.xlsx	Data	1.033	Y
UCG8 S2 AFa	2021-11-16	1-Iodopentadecafluoroheptane	DTXSID5059828	513	AF	2	2021-11-16	NA	10	MFBET	1	30335.1	2	4081.16	GCMS	Agilent 8890 GC w 7010 triple quadrupole	Analyte RT: 6.38213 ISTD RT: 8.1783	7010_3_111621037.D	UC_513_268_275_812_121921.xlsx	Data	0.1345	Y
UCG8 S2 AFb	2021-11-16	1-Iodopentadecafluoroheptane	DTXSID5059828	513	AF	2	2021-11-16	NA	10	MFBET	1	22742.7	2	0	GCMS	Agilent 8890 GC w 7010 triple quadrupole	Analyte RT: 6.40825 ISTD RT: 8.19137	7010_3_111621038.D	UC_513_268_275_812_121921.xlsx	Data	0	Y
UCG8 S2 AFc	2021-11-16	1-Iodopentadecafluoroheptane	DTXSID5059828	513	AF	2	2021-11-16	NA	10	MFBET	1	30638.8	2	0	GCMS	Agilent 8890 GC w 7010 triple quadrupole	Analyte RT: 6.37562 ISTD RT: 8.16525	7010_3_111621039.D	UC_513_268_275_812_121921.xlsx	Data	0	Y
UCG8 S1 T1a	2021-11-16	1-Iodopentadecafluoroheptane	DTXSID5059828	513	T1	10	2021-11-16	NA	10	MFBET	1	28160.3	1	82846.4	GCMS	Agilent 8890 GC w 7010 triple quadrupole	Analyte RT: 6.40173 ISTD RT: 8.18483	7010_3_111621040.D	UC_513_268_275_812_121921.xlsx	Data	2.942	Y
UCG8 S1 T1b	2021-11-16	1-Iodopentadecafluoroheptane	DTXSID5059828	513	T1	10	2021-11-16	NA	10	MFBET	1	33568.7	1	90845.8	GCMS	Agilent 8890 GC w 7010 triple quadrupole	Analyte RT: 6.42783 ISTD RT: 8.1783	7010_3_111621041.D	UC_513_268_275_812_121921.xlsx	Data	2.706	Y
UCG8 S1 T1c	2021-11-16	1-Iodopentadecafluoroheptane	DTXSID5059828	513	T1	10	2021-11-16	NA	10	MFBET	1	33254.2	1	95900.7	GCMS	Agilent 8890 GC w 7010 triple quadrupole	Analyte RT: 6.40823 ISTD RT: 8.19135	7010_3_111621042.D	UC_513_268_275_812_121921.xlsx	Data	2.884	Y
UCG8 S1 T5a	2021-11-16	1-Iodopentadecafluoroheptane	DTXSID5059828	513	T5	10	2021-11-16	NA	10	MFBET	1	25295.4	1	11908.1	GCMS	Agilent 8890 GC w 7010 triple quadrupole	Analyte RT: 6.36908 ISTD RT: 8.1783	7010_3_111621043.D	UC_513_268_275_812_121921.xlsx	Data	0.4708	Y
UCG8 S1 T5b	2021-11-16	1-Iodopentadecafluoroheptane	DTXSID5059828	513	T5	10	2021-11-16	NA	10	MFBET	1	27348	1	12265.6	GCMS	Agilent 8890 GC w 7010 triple quadrupole	Analyte RT: 6.38215 ISTD RT: 8.18483	7010_3_111621044.D	UC_513_268_275_812_121921.xlsx	Data	0.4485	Y
UCG8 S1 T5c	2021-11-16	1-Iodopentadecafluoroheptane	DTXSID5059828	513	T5	10	2021-11-16	NA	10	MFBET	1	25624.4	1	12087.2	GCMS	Agilent 8890 GC w 7010 triple quadrupole	Analyte RT: 6.38213 ISTD RT: 8.19135	7010_3_111621045.D	UC_513_268_275_812_121921.xlsx	Data	0.4717	Y
UCG8 S1 AFa	2021-11-16	1-Iodopentadecafluoroheptane	DTXSID5059828	513	AF	2	2021-11-16	NA	10	MFBET	1	33263.3	1	191678	GCMS	Agilent 8890 GC w 7010 triple quadrupole	Analyte RT: 6.38213 ISTD RT: 8.17177	7010_3_111621047.D	UC_513_268_275_812_121921.xlsx	Data	5.762	Y
UCG8 S1 AFb	2021-11-16	1-Iodopentadecafluoroheptane	DTXSID5059828	513	AF	2	2021-11-16	NA	10	MFBET	1	30842.3	1	109581	GCMS	Agilent 8890 GC w 7010 triple quadrupole	Analyte RT: 6.38867 ISTD RT: 8.1783	7010_3_111621048.D	UC_513_268_275_812_121921.xlsx	Data	3.553	Y
UCG8 S1 AFc	2021-11-16	1-Iodopentadecafluoroheptane	DTXSID5059828	513	AF	2	2021-11-16	NA	10	MFBET	1	31402.3	1	90601.9	GCMS	Agilent 8890 GC w 7010 triple quadrupole	Analyte RT: 6.40172 ISTD RT: 8.18483	7010_3_111621049.D	UC_513_268_275_812_121921.xlsx	Data	2.885	Y
UCG8 S1 T1a	2021-11-16	1-Iodopentadecafluoroheptane	DTXSID5059828	513	T1	10	2021-11-16	NA	10	MFBET	1	28160.3	1	82846.4	GCMS	Agilent 8890 GC w 7010 triple quadrupole	Analyte RT: 6.40173 ISTD RT: 8.18483	7010_3_111621040.D	UC_513_268_275_812_121921.xlsx	Data	2.942	Y
UCG8 S1 T1b	2021-11-16	1-Iodopentadecafluoroheptane	DTXSID5059828	513	T1	10	2021-11-16	NA	10	MFBET	1	33568.7	1	90845.8	GCMS	Agilent 8890 GC w 7010 triple quadrupole	Analyte RT: 6.42783 ISTD RT: 8.1783	7010_3_111621041.D	UC_513_268_275_812_121921.xlsx	Data	2.706	Y
UCG8 S1 T1c	2021-11-16	1-Iodopentadecafluoroheptane	DTXSID5059828	513	T1	10	2021-11-16	NA	10	MFBET	1	33254.2	1	95900.7	GCMS	Agilent 8890 GC w 7010 triple quadrupole	Analyte RT: 6.40823 ISTD RT: 8.19135	7010_3_111621042.D	UC_513_268_275_812_121921.xlsx	Data	2.884	Y
UCG8 S1 T5a	2021-11-16	1-Iodopentadecafluoroheptane	DTXSID5059828	513	T5	10	2021-11-16	NA	10	MFBET	1	25295.4	1	11908.1	GCMS	Agilent 8890 GC w 7010 triple quadrupole	Analyte RT: 6.36908 ISTD RT: 8.1783	7010_3_111621043.D	UC_513_268_275_812_121921.xlsx	Data	0.4708	Y
UCG8 S1 T5b	2021-11-16	1-Iodopentadecafluoroheptane	DTXSID5059828	513	T5	10	2021-11-16	NA	10	MFBET	1	27348	1	12265.6	GCMS	Agilent 8890 GC w 7010 triple quadrupole	Analyte RT: 6.38215 ISTD RT: 8.18483	7010_3_111621044.D	UC_513_268_275_812_121921.xlsx	Data	0.4485	Y
UCG8 S1 T5c	2021-11-16	1-Iodopentadecafluoroheptane	DTXSID5059828	513	T5	10	2021-11-16	NA	10	MFBET	1	25624.4	1	12087.2	GCMS	Agilent 8890 GC w 7010 triple quadrupole	Analyte RT: 6.38213 ISTD RT: 8.19135	7010_3_111621045.D	UC_513_268_275_812_121921.xlsx	Data	0.4717	Y
UCG8 S1 AFa	2021-11-16	1-Iodopentadecafluoroheptane	DTXSID5059828	513	AF	2	2021-11-16	NA	10	MFBET	1	33263.3	1	191678	GCMS	Agilent 8890 GC w 7010 triple quadrupole	Analyte RT: 6.38213 ISTD RT: 8.17177	7010_3_111621047.D	UC_513_268_275_812_121921.xlsx	Data	5.762	Y
UCG8 S1 AFb	2021-11-16	1-Iodopentadecafluoroheptane	DTXSID5059828	513	AF	2	2021-11-16	NA	10	MFBET	1	30842.3	1	109581	GCMS	Agilent 8890 GC w 7010 triple quadrupole	Analyte RT: 6.38867 ISTD RT: 8.1783	7010_3_111621048.D	UC_513_268_275_812_121921.xlsx	Data	3.553	Y
UCG8 S1 AFc	2021-11-16	1-Iodopentadecafluoroheptane	DTXSID5059828	513	AF	2	2021-11-16	NA	10	MFBET	1	31402.3	1	90601.9	GCMS	Agilent 8890 GC w 7010 triple quadrupole	Analyte RT: 6.40172 ISTD RT: 8.18483	7010_3_111621049.D	UC_513_268_275_812_121921.xlsx	Data	2.885	Y
UCCC14	2021-11-16	(Perfluorobutyryl)-2-thenoylmethane	DTXSID7060332	812	CC	1	2021-11-16	3.5	10	MFOET	1	7552.36	NA	149030	GCMS	Agilent 8890 GC w 7010 triple quadrupole	Analyte RT: 18.8301 ISTD RT: 11.8629	7010_3_111621010.D	UC_513_268_275_812_121921.xlsx	Data	19.73	Y
UCCC12	2021-11-16	(Perfluorobutyryl)-2-thenoylmethane	DTXSID7060332	812	CC	1	2021-11-16	1.5	10	MFOET	1	6701.99	NA	58952.5	GCMS	Agilent 8890 GC w 7010 triple quadrupole	Analyte RT: 18.9557 ISTD RT: 11.8563	7010_3_111621012.D	UC_513_268_275_812_121921.xlsx	Data	8.796	Y
UCCC11	2021-11-16	(Perfluorobutyryl)-2-thenoylmethane	DTXSID7060332	812	CC	1	2021-11-16	0.8	10	MFOET	1	7469.43	NA	33336.5	GCMS	Agilent 8890 GC w 7010 triple quadrupole	Analyte RT: 18.8301 ISTD RT: 11.8564	7010_3_111621013.D	UC_513_268_275_812_121921.xlsx	Data	4.463	Y
UCCC10	2021-11-16	(Perfluorobutyryl)-2-thenoylmethane	DTXSID7060332	812	CC	1	2021-11-16	0.5	10	MFOET	1	7337.49	NA	32695.1	GCMS	Agilent 8890 GC w 7010 triple quadrupole	Analyte RT: 18.7044 ISTD RT: 11.8563	7010_3_111621014.D	UC_513_268_275_812_121921.xlsx	Data	4.456	Y
UCCC9	2021-11-16	(Perfluorobutyryl)-2-thenoylmethane	DTXSID7060332	812	CC	1	2021-11-16	0.35	10	MFOET	1	7107.16	NA	16354.8	GCMS	Agilent 8890 GC w 7010 triple quadrupole	Analyte RT: 18.9428 ISTD RT: 11.8564	7010_3_111621015.D	UC_513_268_275_812_121921.xlsx	Data	2.301	Y
UCCC8	2021-11-16	(Perfluorobutyryl)-2-thenoylmethane	DTXSID7060332	812	CC	1	2021-11-16	0.2	10	MFOET	1	7256	NA	12144.3	GCMS	Agilent 8890 GC w 7010 triple quadrupole	Analyte RT: 18.8301 ISTD RT: 11.8563	7010_3_111621016.D	UC_513_268_275_812_121921.xlsx	Data	1.674	Y
UCCC7	2021-11-16	(Perfluorobutyryl)-2-thenoylmethane	DTXSID7060332	812	CC	1	2021-11-16	0.125	10	MFOET	1	7418.56	NA	7030.08	GCMS	Agilent 8890 GC w 7010 triple quadrupole	Analyte RT: 19.0944 ISTD RT: 11.8563	7010_3_111621017.D	UC_513_268_275_812_121921.xlsx	Data	0.9476	Y
UCCC6	2021-11-16	(Perfluorobutyryl)-2-thenoylmethane	DTXSID7060332	812	CC	1	2021-11-16	0.08	10	MFOET	1	7344.57	NA	5134.81	GCMS	Agilent 8890 GC w 7010 triple quadrupole	Analyte RT: 19.0814 ISTD RT: 11.8563	7010_3_111621018.D	UC_513_268_275_812_121921.xlsx	Data	0.6991	Y
UCCC5	2021-11-16	(Perfluorobutyryl)-2-thenoylmethane	DTXSID7060332	812	CC	1	2021-11-16	0.05	10	MFOET	1	7614.84	NA	3058.19	GCMS	Agilent 8890 GC w 7010 triple quadrupole	Analyte RT: 18.9644 ISTD RT: 11.8563	7010_3_111621019.D	UC_513_268_275_812_121921.xlsx	Data	0.4016	Y
UCCC4	2021-11-16	(Perfluorobutyryl)-2-thenoylmethane	DTXSID7060332	812	CC	1	2021-11-16	0.03	10	MFOET	1	6128.59	NA	2077.04	GCMS	Agilent 8890 GC w 7010 triple quadrupole	Analyte RT: 19.1334 ISTD RT: 11.8564	7010_3_111621020.D	UC_513_268_275_812_121921.xlsx	Data	0.3389	Y
UCCC3	2021-11-16	(Perfluorobutyryl)-2-thenoylmethane	DTXSID7060332	812	CC	1	2021-11-16	0.02	10	MFOET	1	7362.61	NA	0	GCMS	Agilent 8890 GC w 7010 triple quadrupole	Analyte RT: 18.4878 ISTD RT: 11.8564	7010_3_111621021.D	UC_513_268_275_812_121921.xlsx	Data	0	Y
UCCC2	2021-11-16	(Perfluorobutyryl)-2-thenoylmethane	DTXSID7060332	812	CC	1	2021-11-16	0.012	10	MFOET	1	7235.49	NA	0	GCMS	Agilent 8890 GC w 7010 triple quadrupole	Analyte RT: 18.4964 ISTD RT: 11.8564	7010_3_111621022.D	UC_513_268_275_812_121921.xlsx	Data	0	Y
UCCC1	2021-11-16	(Perfluorobutyryl)-2-thenoylmethane	DTXSID7060332	812	CC	1	2021-11-16	0.007	10	MFOET	1	6367.05	NA	0	GCMS	Agilent 8890 GC w 7010 triple quadrupole	Analyte RT: 18.5224 ISTD RT: 11.8563	7010_3_111621023.D	UC_513_268_275_812_121921.xlsx	Data	0	Y
UCCC spike	2021-11-16	(Perfluorobutyryl)-2-thenoylmethane	DTXSID7060332	812	CC	1	2021-11-16	0	10	MFOET	1	6919.67	NA	0	GCMS	Agilent 8890 GC w 7010 triple quadrupole	Analyte RT: 18.7131 ISTD RT: 11.8368	7010_3_111621000.D	UC_513_268_275_812_121921.xlsx	Data	0	Y
UCCC spike	2021-11-16	(Perfluorobutyryl)-2-thenoylmethane	DTXSID7060332	812	CC	1	2021-11-16	0	10	MFOET	1	7046.26	NA	0	GCMS	Agilent 8890 GC w 7010 triple quadrupole	Analyte RT: 18.9254 ISTD RT: 11.8563	7010_3_111621001.D	UC_513_268_275_812_121921.xlsx	Data	0	Y
UCCC spike	2021-11-16	(Perfluorobutyryl)-2-thenoylmethane	DTXSID7060332	812	CC	1	2021-11-16	0	10	MFOET	1	7296	NA	0	GCMS	Agilent 8890 GC w 7010 triple quadrupole	Analyte RT: 18.8301 ISTD RT: 11.8563	7010_3_111621002.D	UC_513_268_275_812_121921.xlsx	Data	0	Y
UCCC spike	2021-11-16	(Perfluorobutyryl)-2-thenoylmethane	DTXSID7060332	812	CC	1	2021-11-16	0	10	MFOET	1	6492.6	NA	0	GCMS	Agilent 8890 GC w 7010 triple quadrupole	Analyte RT: 18.3968 ISTD RT: 11.8564	7010_3_111621003.D	UC_513_268_275_812_121921.xlsx	Data	0	Y
UCCC spike	2021-11-16	(Perfluorobutyryl)-2-thenoylmethane	DTXSID7060332	812	CC	1	2021-11-16	0	10	MFOET	1	7033.98	NA	0	GCMS	Agilent 8890 GC w 7010 triple quadrupole	Analyte RT: 18.6871 ISTD RT: 11.8563	7010_3_111621004.D	UC_513_268_275_812_121921.xlsx	Data	0	Y
UCG8QCCC5	2021-11-16	(Perfluorobutyryl)-2-thenoylmethane	DTXSID7060332	812	CC	1	2021-11-16	0.05	10	MFOET	1	7467.55	NA	3595.44	GCMS	Agilent 8890 GC w 7010 triple quadrupole	Analyte RT: 19.0078 ISTD RT: 11.8564	7010_3_111621025.D	UC_513_268_275_812_121921.xlsx	Data	0.4815	Y
UCG8QCCC8	2021-11-16	(Perfluorobutyryl)-2-thenoylmethane	DTXSID7060332	812	CC	1	2021-11-16	0.2	10	MFOET	1	7737.05	NA	8873.18	GCMS	Agilent 8890 GC w 7010 triple quadrupole	Analyte RT: 19.3198 ISTD RT: 11.8564	7010_3_111621026.D	UC_513_268_275_812_121921.xlsx	Data	1.147	Y
UCG8QCCC11	2021-11-16	(Perfluorobutyryl)-2-thenoylmethane	DTXSID7060332	812	CC	1	2021-11-16	0.8	10	MFOET	1	7329.36	NA	32595.6	GCMS	Agilent 8890 GC w 7010 triple quadrupole	Analyte RT: 19.2288 ISTD RT: 11.8564	7010_3_111621027.D	UC_513_268_275_812_121921.xlsx	Data	4.447	Y
UCCC7	2021-11-16	(Perfluorobutyryl)-2-thenoylmethane	DTXSID7060332	812	CC	1	2021-11-16	0.125	10	MFOET	1	7287.57	NA	8541.2	GCMS	Agilent 8890 GC w 7010 triple quadrupole	Analyte RT: 19.2114 ISTD RT: 11.8629	7010_3_111621028.D	UC_513_268_275_812_121921.xlsx	Data	1.172	Y
UCCC10	2021-11-16	(Perfluorobutyryl)-2-thenoylmethane	DTXSID7060332	812	CC	1	2021-11-16	0.5	10	MFOET	1	6349.67	NA	19097.6	GCMS	Agilent 8890 GC w 7010 triple quadrupole	Analyte RT: 19.3414 ISTD RT: 11.8564	7010_3_111621035.D	UC_513_268_275_812_121921.xlsx	Data	3.008	Y
UCCC4	2021-11-16	(Perfluorobutyryl)-2-thenoylmethane	DTXSID7060332	812	CC	1	2021-11-16	0.03	10	MFOET	1	7857.53	NA	3678	GCMS	Agilent 8890 GC w 7010 triple quadrupole	Analyte RT: 19.7921 ISTD RT: 11.8563	7010_3_111621046.D	UC_513_268_275_812_121921.xlsx	Data	0.4681	Y
UCCC9	2021-11-16	(Perfluorobutyryl)-2-thenoylmethane	DTXSID7060332	812	CC	1	2021-11-16	0.35	10	MFOET	1	7663	NA	9914.81	GCMS	Agilent 8890 GC w 7010 triple quadrupole	Analyte RT: 19.3414 ISTD RT: 11.8563	7010_3_111621050.D	UC_513_268_275_812_121921.xlsx	Data	1.294	Y
UCG8 S2 T1a	2021-11-16	(Perfluorobutyryl)-2-thenoylmethane	DTXSID7060332	812	T1	10	2021-11-16	NA	10	MFOET	1	9859.82	2	4784.9	GCMS	Agilent 8890 GC w 7010 triple quadrupole	Analyte RT: 19.0338 ISTD RT: 11.8563	7010_3_111621029.D	UC_513_268_275_812_121921.xlsx	Data	0.4853	Y
UCG8 S2 T1b	2021-11-16	(Perfluorobutyryl)-2-thenoylmethane	DTXSID7060332	812	T1	10	2021-11-16	NA	10	MFOET	1	7070.04	2	16230	GCMS	Agilent 8890 GC w 7010 triple quadrupole	Analyte RT: 19.4324 ISTD RT: 11.8564	7010_3_111621030.D	UC_513_268_275_812_121921.xlsx	Data	2.296	Y
UCG8 S2 T1c	2021-11-16	(Perfluorobutyryl)-2-thenoylmethane	DTXSID7060332	812	T1	10	2021-11-16	NA	10	MFOET	1	8871.43	2	3865.22	GCMS	Agilent 8890 GC w 7010 triple quadrupole	Analyte RT: 19.6274 ISTD RT: 11.8564	7010_3_111621031.D	UC_513_268_275_812_121921.xlsx	Data	0.4357	Y
UCG8 S2 AFa	2021-11-16	(Perfluorobutyryl)-2-thenoylmethane	DTXSID7060332	812	AF	2	2021-11-16	NA	10	MFOET	1	10182	2	0	GCMS	Agilent 8890 GC w 7010 triple quadrupole	Analyte RT: 18.4661 ISTD RT: 11.8563	7010_3_111621037.D	UC_513_268_275_812_121921.xlsx	Data	0	Y
UCG8 S2 AFb	2021-11-16	(Perfluorobutyryl)-2-thenoylmethane	DTXSID7060332	812	AF	2	2021-11-16	NA	10	MFOET	1	7509.63	2	0	GCMS	Agilent 8890 GC w 7010 triple quadrupole	Analyte RT: 18.5528 ISTD RT: 11.8629	7010_3_111621038.D	UC_513_268_275_812_121921.xlsx	Data	0	Y
UCG8 S2 AFc	2021-11-16	(Perfluorobutyryl)-2-thenoylmethane	DTXSID7060332	812	AF	2	2021-11-16	NA	10	MFOET	1	9377.39	2	0	GCMS	Agilent 8890 GC w 7010 triple quadrupole	Analyte RT: 18.5788 ISTD RT: 11.8564	7010_3_111621039.D	UC_513_268_275_812_121921.xlsx	Data	0	Y
UCG8 S1 T1a	2021-11-16	(Perfluorobutyryl)-2-thenoylmethane	DTXSID7060332	812	T1	10	2021-11-16	NA	10	MFOET	1	8626.03	1	29677.5	GCMS	Agilent 8890 GC w 7010 triple quadrupole	Analyte RT: 19.2721 ISTD RT: 11.8564	7010_3_111621040.D	UC_513_268_275_812_121921.xlsx	Data	3.44	Y
UCG8 S1 T1b	2021-11-16	(Perfluorobutyryl)-2-thenoylmethane	DTXSID7060332	812	T1	10	2021-11-16	NA	10	MFOET	1	9929.24	1	33346.5	GCMS	Agilent 8890 GC w 7010 triple quadrupole	Analyte RT: 19.3631 ISTD RT: 11.8564	7010_3_111621041.D	UC_513_268_275_812_121921.xlsx	Data	3.358	Y
UCG8 S1 T1c	2021-11-16	(Perfluorobutyryl)-2-thenoylmethane	DTXSID7060332	812	T1	10	2021-11-16	NA	10	MFOET	1	9140.74	1	45215.7	GCMS	Agilent 8890 GC w 7010 triple quadrupole	Analyte RT: 19.5104 ISTD RT: 11.8564	7010_3_111621042.D	UC_513_268_275_812_121921.xlsx	Data	4.947	Y
UCG8 S1 T5a	2021-11-16	(Perfluorobutyryl)-2-thenoylmethane	DTXSID7060332	812	T5	10	2021-11-16	NA	10	MFOET	1	7885.59	1	44573.6	GCMS	Agilent 8890 GC w 7010 triple quadrupole	Analyte RT: 19.0034 ISTD RT: 11.8564	7010_3_111621043.D	UC_513_268_275_812_121921.xlsx	Data	5.653	Y
UCG8 S1 T5b	2021-11-16	(Perfluorobutyryl)-2-thenoylmethane	DTXSID7060332	812	T5	10	2021-11-16	NA	10	MFOET	1	7855.28	1	33091.2	GCMS	Agilent 8890 GC w 7010 triple quadrupole	Analyte RT: 18.9601 ISTD RT: 11.8564	7010_3_111621044.D	UC_513_268_275_812_121921.xlsx	Data	4.213	Y
UCG8 S1 T5c	2021-11-16	(Perfluorobutyryl)-2-thenoylmethane	DTXSID7060332	812	T5	10	2021-11-16	NA	10	MFOET	1	7441.99	1	32207.3	GCMS	Agilent 8890 GC w 7010 triple quadrupole	Analyte RT: 18.8864 ISTD RT: 11.8564	7010_3_111621045.D	UC_513_268_275_812_121921.xlsx	Data	4.328	Y
UCG8 S1 AFa	2021-11-16	(Perfluorobutyryl)-2-thenoylmethane	DTXSID7060332	812	AF	2	2021-11-16	NA	10	MFOET	1	10028	1	4101.86	GCMS	Agilent 8890 GC w 7010 triple quadrupole	Analyte RT: 19.2201 ISTD RT: 11.8563	7010_3_111621047.D	UC_513_268_275_812_121921.xlsx	Data	0.409	Y
UCG8 S1 AFb	2021-11-16	(Perfluorobutyryl)-2-thenoylmethane	DTXSID7060332	812	AF	2	2021-11-16	NA	10	MFOET	1	8391.06	1	0	GCMS	Agilent 8890 GC w 7010 triple quadrupole	Analyte RT: 19.4931 ISTD RT: 11.8563	7010_3_111621048.D	UC_513_268_275_812_121921.xlsx	Data	0	Y
UCG8 S1 AFc	2021-11-16	(Perfluorobutyryl)-2-thenoylmethane	DTXSID7060332	812	AF	2	2021-11-16	NA	10	MFOET	1	9488.82	1	0	GCMS	Agilent 8890 GC w 7010 triple quadrupole	Analyte RT: 18.5224 ISTD RT: 11.8564	7010_3_111621049.D	UC_513_268_275_812_121921.xlsx	Data	0	Y
UCG8 S1 T1a	2021-11-16	(Perfluorobutyryl)-2-thenoylmethane	DTXSID7060332	812	T1	10	2021-11-16	NA	10	MFOET	1	8626.03	1	29677.5	GCMS	Agilent 8890 GC w 7010 triple quadrupole	Analyte RT: 19.2721 ISTD RT: 11.8564	7010_3_111621040.D	UC_513_268_275_812_121921.xlsx	Data	3.44	Y
UCG8 S1 T1b	2021-11-16	(Perfluorobutyryl)-2-thenoylmethane	DTXSID7060332	812	T1	10	2021-11-16	NA	10	MFOET	1	9929.24	1	33346.5	GCMS	Agilent 8890 GC w 7010 triple quadrupole	Analyte RT: 19.3631 ISTD RT: 11.8564	7010_3_111621041.D	UC_513_268_275_812_121921.xlsx	Data	3.358	Y
UCG8 S1 T1c	2021-11-16	(Perfluorobutyryl)-2-thenoylmethane	DTXSID7060332	812	T1	10	2021-11-16	NA	10	MFOET	1	9140.74	1	45215.7	GCMS	Agilent 8890 GC w 7010 triple quadrupole	Analyte RT: 19.5104 ISTD RT: 11.8564	7010_3_111621042.D	UC_513_268_275_812_121921.xlsx	Data	4.947	Y
UCG8 S1 T5a	2021-11-16	(Perfluorobutyryl)-2-thenoylmethane	DTXSID7060332	812	T5	10	2021-11-16	NA	10	MFOET	1	7885.59	1	44573.6	GCMS	Agilent 8890 GC w 7010 triple quadrupole	Analyte RT: 19.0034 ISTD RT: 11.8564	7010_3_111621043.D	UC_513_268_275_812_121921.xlsx	Data	5.653	Y
UCG8 S1 T5b	2021-11-16	(Perfluorobutyryl)-2-thenoylmethane	DTXSID7060332	812	T5	10	2021-11-16	NA	10	MFOET	1	7855.28	1	33091.2	GCMS	Agilent 8890 GC w 7010 triple quadrupole	Analyte RT: 18.9601 ISTD RT: 11.8564	7010_3_111621044.D	UC_513_268_275_812_121921.xlsx	Data	4.213	Y
UCG8 S1 T5c	2021-11-16	(Perfluorobutyryl)-2-thenoylmethane	DTXSID7060332	812	T5	10	2021-11-16	NA	10	MFOET	1	7441.99	1	32207.3	GCMS	Agilent 8890 GC w 7010 triple quadrupole	Analyte RT: 18.8864 ISTD RT: 11.8564	7010_3_111621045.D	UC_513_268_275_812_121921.xlsx	Data	4.328	Y
UCG8 S1 AFa	2021-11-16	(Perfluorobutyryl)-2-thenoylmethane	DTXSID7060332	812	AF	2	2021-11-16	NA	10	MFOET	1	10028	1	4101.86	GCMS	Agilent 8890 GC w 7010 triple quadrupole	Analyte RT: 19.2201 ISTD RT: 11.8563	7010_3_111621047.D	UC_513_268_275_812_121921.xlsx	Data	0.409	Y
UCG8 S1 AFb	2021-11-16	(Perfluorobutyryl)-2-thenoylmethane	DTXSID7060332	812	AF	2	2021-11-16	NA	10	MFOET	1	8391.06	1	0	GCMS	Agilent 8890 GC w 7010 triple quadrupole	Analyte RT: 19.4931 ISTD RT: 11.8563	7010_3_111621048.D	UC_513_268_275_812_121921.xlsx	Data	0	Y
UCG8 S1 AFc	2021-11-16	(Perfluorobutyryl)-2-thenoylmethane	DTXSID7060332	812	AF	2	2021-11-16	NA	10	MFOET	1	9488.82	1	0	GCMS	Agilent 8890 GC w 7010 triple quadrupole	Analyte RT: 18.5224 ISTD RT: 11.8564	7010_3_111621049.D	UC_513_268_275_812_121921.xlsx	Data	0	Y
UCCC15	2021-07-16	1-Iodo-1H,1H,2H,2H-perfluorononane	DTXSID90880156	474	CC	1	2021-07-16	5	10	MFHET	1	26929.3	NA	853301	GCMS	Agilent 8890 GC w 7010 triple quadrupole	Analyte RT: 4.82212 ISTD RT: 6.31947	E:\Shark Tank\Group6_072821	UC_474_760_3096_final.xlsx	474Raw	31.69	Y
UCCC13	2021-07-16	1-Iodo-1H,1H,2H,2H-perfluorononane	DTXSID90880156	474	CC	1	2021-07-16	2.5	10	MFHET	1	27339.9	NA	890932	GCMS	Agilent 8890 GC w 7010 triple quadrupole	Analyte RT: 4.81192 ISTD RT: 6.31947	E:\Shark Tank\Group6_072821	UC_474_760_3096_final.xlsx	474Raw	32.59	Y
UCCC12	2021-07-16	1-Iodo-1H,1H,2H,2H-perfluorononane	DTXSID90880156	474	CC	1	2021-07-16	1.5	10	MFHET	1	32960.7	NA	593085	GCMS	Agilent 8890 GC w 7010 triple quadrupole	Analyte RT: 4.81192 ISTD RT: 6.32382	E:\Shark Tank\Group6_072821	UC_474_760_3096_final.xlsx	474Raw	17.99	Y
UCCC11	2021-07-16	1-Iodo-1H,1H,2H,2H-perfluorononane	DTXSID90880156	474	CC	1	2021-07-16	0.8	10	MFHET	1	31563.8	NA	324812	GCMS	Agilent 8890 GC w 7010 triple quadrupole	Analyte RT: 4.81702 ISTD RT: 6.32382	E:\Shark Tank\Group6_072821	UC_474_760_3096_final.xlsx	474Raw	10.29	Y
UCCC10	2021-07-16	1-Iodo-1H,1H,2H,2H-perfluorononane	DTXSID90880156	474	CC	1	2021-07-16	0.5	10	MFHET	1	27873.1	NA	151717	GCMS	Agilent 8890 GC w 7010 triple quadrupole	Analyte RT: 4.8017 ISTD RT: 6.32382	E:\Shark Tank\Group6_072821	UC_474_760_3096_final.xlsx	474Raw	5.443	Y
UCCC9	2021-07-16	1-Iodo-1H,1H,2H,2H-perfluorononane	DTXSID90880156	474	CC	1	2021-07-16	0.35	10	MFHET	1	25314.9	NA	100436	GCMS	Agilent 8890 GC w 7010 triple quadrupole	Analyte RT: 4.81192 ISTD RT: 6.31947	E:\Shark Tank\Group6_072821	UC_474_760_3096_final.xlsx	474Raw	3.967	Y
UCCC8	2021-07-16	1-Iodo-1H,1H,2H,2H-perfluorononane	DTXSID90880156	474	CC	1	2021-07-16	0.2	10	MFHET	1	31915.8	NA	85376.7	GCMS	Agilent 8890 GC w 7010 triple quadrupole	Analyte RT: 4.82212 ISTD RT: 6.32382	E:\Shark Tank\Group6_072821	UC_474_760_3096_final.xlsx	474Raw	2.675	Y
UCCC7	2021-07-16	1-Iodo-1H,1H,2H,2H-perfluorononane	DTXSID90880156	474	CC	1	2021-07-16	0.125	10	MFHET	1	26232.3	NA	43531.5	GCMS	Agilent 8890 GC w 7010 triple quadrupole	Analyte RT: 4.82212 ISTD RT: 6.31947	E:\Shark Tank\Group6_072821	UC_474_760_3096_final.xlsx	474Raw	1.659	Y
UCCC6	2021-07-16	1-Iodo-1H,1H,2H,2H-perfluorononane	DTXSID90880156	474	CC	1	2021-07-16	0.08	10	MFHET	1	28822.1	NA	24230.6	GCMS	Agilent 8890 GC w 7010 triple quadrupole	Analyte RT: 4.83233 ISTD RT: 6.32382	E:\Shark Tank\Group6_072821	UC_474_760_3096_final.xlsx	474Raw	0.8407	Y
UCCC5	2021-07-16	1-Iodo-1H,1H,2H,2H-perfluorononane	DTXSID90880156	474	CC	1	2021-07-16	0.05	10	MFHET	1	26111.6	NA	14230.4	GCMS	Agilent 8890 GC w 7010 triple quadrupole	Analyte RT: 4.83233 ISTD RT: 6.31947	E:\Shark Tank\Group6_072821	UC_474_760_3096_final.xlsx	474Raw	0.545	Y
UCCC4	2021-07-16	1-Iodo-1H,1H,2H,2H-perfluorononane	DTXSID90880156	474	CC	1	2021-07-16	0.03	10	MFHET	1	25659.8	NA	10227.2	GCMS	Agilent 8890 GC w 7010 triple quadrupole	Analyte RT: 4.81702 ISTD RT: 6.31947	E:\Shark Tank\Group6_072821	UC_474_760_3096_final.xlsx	474Raw	0.3986	Y
UCCC3	2021-07-16	1-Iodo-1H,1H,2H,2H-perfluorononane	DTXSID90880156	474	CC	1	2021-07-16	0.02	10	MFHET	1	26052.2	NA	8442.68	GCMS	Agilent 8890 GC w 7010 triple quadrupole	Analyte RT: 4.82212 ISTD RT: 6.31947	E:\Shark Tank\Group6_072821	UC_474_760_3096_final.xlsx	474Raw	0.3241	Y
UCCC2	2021-07-16	1-Iodo-1H,1H,2H,2H-perfluorononane	DTXSID90880156	474	CC	1	2021-07-16	0.012	10	MFHET	1	27362.3	NA	5071.08	GCMS	Agilent 8890 GC w 7010 triple quadrupole	Analyte RT: 4.82723 ISTD RT: 6.32382	E:\Shark Tank\Group6_072821	UC_474_760_3096_final.xlsx	474Raw	0.1853	Y
UCCC1	2021-07-16	1-Iodo-1H,1H,2H,2H-perfluorononane	DTXSID90880156	474	CC	1	2021-07-16	0.007	10	MFHET	1	26576.6	NA	2343.82	GCMS	Agilent 8890 GC w 7010 triple quadrupole	Analyte RT: 4.82723 ISTD RT: 6.31947	E:\Shark Tank\Group6_072821	UC_474_760_3096_final.xlsx	474Raw	0.08819	Y
UCCC spike	2021-07-16	1-Iodo-1H,1H,2H,2H-perfluorononane	DTXSID90880156	474	CC	1	2021-07-16	0	10	MFHET	1	26932	NA	0	GCMS	Agilent 8890 GC w 7010 triple quadrupole	Analyte RT: 4.82212 ISTD RT: 6.30205	E:\Shark Tank\Group6_072821	UC_474_760_3096_final.xlsx	474Raw	0	Y
UCCC spike	2021-07-16	1-Iodo-1H,1H,2H,2H-perfluorononane	DTXSID90880156	474	CC	1	2021-07-16	0	10	MFHET	1	28313.1	NA	0	GCMS	Agilent 8890 GC w 7010 triple quadrupole	Analyte RT: 4.85787 ISTD RT: 6.3151	E:\Shark Tank\Group6_072821	UC_474_760_3096_final.xlsx	474Raw	0	Y
UCCC spike	2021-07-16	1-Iodo-1H,1H,2H,2H-perfluorononane	DTXSID90880156	474	CC	1	2021-07-16	0	10	MFHET	1	26506.8	NA	0	GCMS	Agilent 8890 GC w 7010 triple quadrupole	Analyte RT: 4.84255 ISTD RT: 6.3151	E:\Shark Tank\Group6_072821	UC_474_760_3096_final.xlsx	474Raw	0	Y
UCCC spike	2021-07-16	1-Iodo-1H,1H,2H,2H-perfluorononane	DTXSID90880156	474	CC	1	2021-07-16	0	10	MFHET	1	27495.9	NA	0	GCMS	Agilent 8890 GC w 7010 triple quadrupole	Analyte RT: 4.8936 ISTD RT: 6.3151	E:\Shark Tank\Group6_072821	UC_474_760_3096_final.xlsx	474Raw	0	Y
UCCC spike	2021-07-16	1-Iodo-1H,1H,2H,2H-perfluorononane	DTXSID90880156	474	CC	1	2021-07-16	0	10	MFHET	1	27276.9	NA	0	GCMS	Agilent 8890 GC w 7010 triple quadrupole	Analyte RT: 4.86297 ISTD RT: 6.31947	E:\Shark Tank\Group6_072821	UC_474_760_3096_final.xlsx	474Raw	0	Y
UCCC spike	2021-07-16	1-Iodo-1H,1H,2H,2H-perfluorononane	DTXSID90880156	474	CC	1	2021-07-16	0	10	MFHET	1	30804.5	NA	0	GCMS	Agilent 8890 GC w 7010 triple quadrupole	Analyte RT: 4.87318 ISTD RT: 6.31947	E:\Shark Tank\Group6_072821	UC_474_760_3096_final.xlsx	474Raw	0	Y
UCCC spike	2021-07-16	1-Iodo-1H,1H,2H,2H-perfluorononane	DTXSID90880156	474	CC	1	2021-07-16	0	10	MFHET	1	31751.1	NA	0	GCMS	Agilent 8890 GC w 7010 triple quadrupole	Analyte RT: 4.9804 ISTD RT: 6.31947	E:\Shark Tank\Group6_072821	UC_474_760_3096_final.xlsx	474Raw	0	Y
UCCC spike	2021-07-16	1-Iodo-1H,1H,2H,2H-perfluorononane	DTXSID90880156	474	CC	1	2021-07-16	0	10	MFHET	1	40485.9	NA	0	GCMS	Agilent 8890 GC w 7010 triple quadrupole	Analyte RT: 4.15327 ISTD RT: 6.31947	E:\Shark Tank\Group6_072821	UC_474_760_3096_final.xlsx	474Raw	0	Y
UCCC15	2021-07-16	1-Iodo-1H,1H,2H,2H-perfluorononane	DTXSID90880156	474	CC	1	2021-07-16	5	10	MFHET	1	27504.7	NA	1005060	GCMS	Agilent 8890 GC w 7010 triple quadrupole	Analyte RT: 4.81192 ISTD RT: 6.31947	E:\Shark Tank\Group6_072821	UC_474_760_3096_final.xlsx	474Raw	36.54	Y
UCCC15	2021-07-16	1-Iodo-1H,1H,2H,2H-perfluorononane	DTXSID90880156	474	CC	1	2021-07-16	5	10	MFHET	1	27205.1	NA	969391	GCMS	Agilent 8890 GC w 7010 triple quadrupole	Analyte RT: 4.81192 ISTD RT: 6.31947	E:\Shark Tank\Group6_072821	UC_474_760_3096_final.xlsx	474Raw	35.63	Y
UCCC15	2021-07-16	1-Iodo-1H,1H,2H,2H-perfluorononane	DTXSID90880156	474	CC	1	2021-07-16	5	10	MFHET	1	26612.7	NA	818504	GCMS	Agilent 8890 GC w 7010 triple quadrupole	Analyte RT: 4.82212 ISTD RT: 6.31947	E:\Shark Tank\Group6_072821	UC_474_760_3096_final.xlsx	474Raw	30.76	Y
UCCC6	2021-07-16	1-Iodo-1H,1H,2H,2H-perfluorononane	DTXSID90880156	474	CC	1	2021-07-16	0.08	10	MFHET	1	28858.3	NA	24156.9	GCMS	Agilent 8890 GC w 7010 triple quadrupole	Analyte RT: 4.81702 ISTD RT: 6.32382	E:\Shark Tank\Group6_072821	UC_474_760_3096_final.xlsx	474Raw	0.8371	Y
UCG6QCCC8	2021-07-16	1-Iodo-1H,1H,2H,2H-perfluorononane	DTXSID90880156	474	CC	1	2021-07-16	0.2	10	MFHET	1	29215.1	NA	3448.98	GCMS	Agilent 8890 GC w 7010 triple quadrupole	Analyte RT: 4.82212 ISTD RT: 6.31947	E:\Shark Tank\Group6_072821	UC_474_760_3096_final.xlsx	474Raw	0.1181	Y
UCG6QCCC11	2021-07-16	1-Iodo-1H,1H,2H,2H-perfluorononane	DTXSID90880156	474	CC	1	2021-07-16	0.8	10	MFHET	1	38434.4	NA	13795.9	GCMS	Agilent 8890 GC w 7010 triple quadrupole	Analyte RT: 4.7966 ISTD RT: 6.32382	E:\Shark Tank\Group6_072821	UC_474_760_3096_final.xlsx	474Raw	0.3589	Y
UCCC10	2021-07-16	1-Iodo-1H,1H,2H,2H-perfluorononane	DTXSID90880156	474	CC	1	2021-07-16	0.5	10	MFHET	1	29993.3	NA	139509	GCMS	Agilent 8890 GC w 7010 triple quadrupole	Analyte RT: 4.8068 ISTD RT: 6.32382	E:\Shark Tank\Group6_072821	UC_474_760_3096_final.xlsx	474Raw	4.651	Y
UCCC9	2021-07-16	1-Iodo-1H,1H,2H,2H-perfluorononane	DTXSID90880156	474	CC	1	2021-07-16	0.35	10	MFHET	1	27885.5	NA	99915.2	GCMS	Agilent 8890 GC w 7010 triple quadrupole	Analyte RT: 4.81702 ISTD RT: 6.31947	E:\Shark Tank\Group6_072821	UC_474_760_3096_final.xlsx	474Raw	3.583	Y
UCG6QCCC8	2021-07-16	1-Iodo-1H,1H,2H,2H-perfluorononane	DTXSID90880156	474	CC	1	2021-07-16	0.2	10	MFHET	1	28923.2	NA	0	GCMS	Agilent 8890 GC w 7010 triple quadrupole	Analyte RT: 4.83233 ISTD RT: 6.31947	E:\Shark Tank\Group6_072821	UC_474_760_3096_final.xlsx	474Raw	0	Y
UCCC7	2021-07-16	1-Iodo-1H,1H,2H,2H-perfluorononane	DTXSID90880156	474	CC	1	2021-07-16	0.125	10	MFHET	1	27503.5	NA	42006.7	GCMS	Agilent 8890 GC w 7010 triple quadrupole	Analyte RT: 4.81702 ISTD RT: 6.32382	E:\Shark Tank\Group6_072821	UC_474_760_3096_final.xlsx	474Raw	1.527	Y
UCG6 7/19 S3 T1a	2021-07-16	1-Iodo-1H,1H,2H,2H-perfluorononane	DTXSID90880156	474	T1	10	2021-07-16	NA	10	MFHET	1	22132.1	3	147376	GCMS	Agilent 8890 GC w 7010 triple quadrupole	Analyte RT: 4.83233 ISTD RT: 6.31947	E:\Shark Tank\Group6_072821	UC_474_760_3096_final.xlsx	474Raw	6.659	Y
UCG6 7/19 S3 T1b	2021-07-16	1-Iodo-1H,1H,2H,2H-perfluorononane	DTXSID90880156	474	T1	10	2021-07-16	NA	10	MFHET	1	27272.9	3	171349	GCMS	Agilent 8890 GC w 7010 triple quadrupole	Analyte RT: 4.83233 ISTD RT: 6.32382	E:\Shark Tank\Group6_072821	UC_474_760_3096_final.xlsx	474Raw	6.283	Y
UCG6 7/19 S3 T1c	2021-07-16	1-Iodo-1H,1H,2H,2H-perfluorononane	DTXSID90880156	474	T1	10	2021-07-16	NA	10	MFHET	1	21768.6	3	148709	GCMS	Agilent 8890 GC w 7010 triple quadrupole	Analyte RT: 4.83233 ISTD RT: 6.31947	E:\Shark Tank\Group6_072821	UC_474_760_3096_final.xlsx	474Raw	6.831	Y
UCG6 7/19 S3 T5a	2021-07-16	1-Iodo-1H,1H,2H,2H-perfluorononane	DTXSID90880156	474	T5	10	2021-07-16	NA	10	MFHET	1	24571.7	3	81497.6	GCMS	Agilent 8890 GC w 7010 triple quadrupole	Analyte RT: 4.83743 ISTD RT: 6.31947	E:\Shark Tank\Group6_072821	UC_474_760_3096_final.xlsx	474Raw	3.317	Y
UCG6 7/19 S3 T5b	2021-07-16	1-Iodo-1H,1H,2H,2H-perfluorononane	DTXSID90880156	474	T5	10	2021-07-16	NA	10	MFHET	1	22809.2	3	76580	GCMS	Agilent 8890 GC w 7010 triple quadrupole	Analyte RT: 4.82723 ISTD RT: 6.31947	E:\Shark Tank\Group6_072821	UC_474_760_3096_final.xlsx	474Raw	3.357	Y
UCG6 7/19 S3 T5c	2021-07-16	1-Iodo-1H,1H,2H,2H-perfluorononane	DTXSID90880156	474	T5	10	2021-07-16	NA	10	MFHET	1	23576	3	83659.9	GCMS	Agilent 8890 GC w 7010 triple quadrupole	Analyte RT: 4.82723 ISTD RT: 6.32382	E:\Shark Tank\Group6_072821	UC_474_760_3096_final.xlsx	474Raw	3.549	Y
UCG6 7/19 S3 AFa	2021-07-16	1-Iodo-1H,1H,2H,2H-perfluorononane	DTXSID90880156	474	AF	2	2021-07-16	NA	10	MFHET	1	28135.2	3	78832.4	GCMS	Agilent 8890 GC w 7010 triple quadrupole	Analyte RT: 4.85787 ISTD RT: 6.31947	E:\Shark Tank\Group6_072821	UC_474_760_3096_final.xlsx	474Raw	2.802	Y
UCG6 7/19 S3 AFb	2021-07-16	1-Iodo-1H,1H,2H,2H-perfluorononane	DTXSID90880156	474	AF	2	2021-07-16	NA	10	MFHET	1	26758.8	3	34441.4	GCMS	Agilent 8890 GC w 7010 triple quadrupole	Analyte RT: 4.84765 ISTD RT: 6.31947	E:\Shark Tank\Group6_072821	UC_474_760_3096_final.xlsx	474Raw	1.287	Y
UCG6 7/19 S3 AFc	2021-07-16	1-Iodo-1H,1H,2H,2H-perfluorononane	DTXSID90880156	474	AF	2	2021-07-16	NA	10	MFHET	1	26378.3	3	42713.5	GCMS	Agilent 8890 GC w 7010 triple quadrupole	Analyte RT: 4.81192 ISTD RT: 6.32382	E:\Shark Tank\Group6_072821	UC_474_760_3096_final.xlsx	474Raw	1.619	Y
UCG6 7/19 S2 AFa	2021-07-16	1-Iodo-1H,1H,2H,2H-perfluorononane	DTXSID90880156	474	AF	2	2021-07-16	NA	10	MFHET	1	28442.4	2	0	GCMS	Agilent 8890 GC w 7010 triple quadrupole	Analyte RT: 4.85277 ISTD RT: 6.32382	E:\Shark Tank\Group6_072821	UC_474_760_3096_final.xlsx	474Raw	0	Y
UCG6 7/19 S2 AFb	2021-07-16	1-Iodo-1H,1H,2H,2H-perfluorononane	DTXSID90880156	474	AF	2	2021-07-16	NA	10	MFHET	1	25371.3	2	0	GCMS	Agilent 8890 GC w 7010 triple quadrupole	Analyte RT: 4.9855 ISTD RT: 6.32382	E:\Shark Tank\Group6_072821	UC_474_760_3096_final.xlsx	474Raw	0	Y
UCG6 7/19 S2 AFc	2021-07-16	1-Iodo-1H,1H,2H,2H-perfluorononane	DTXSID90880156	474	AF	2	2021-07-16	NA	10	MFHET	1	25960.8	2	0	GCMS	Agilent 8890 GC w 7010 triple quadrupole	Analyte RT: 4.93955 ISTD RT: 6.31947	E:\Shark Tank\Group6_072821	UC_474_760_3096_final.xlsx	474Raw	0	Y
UCG6 7/19 S1 AFb	2021-07-16	1-Iodo-1H,1H,2H,2H-perfluorononane	DTXSID90880156	474	AF	2	2021-07-16	NA	10	MFHET	1	28201.6	1	0	GCMS	Agilent 8890 GC w 7010 triple quadrupole	Analyte RT: 4.83233 ISTD RT: 6.31947	E:\Shark Tank\Group6_072821	UC_474_760_3096_final.xlsx	474Raw	0	Y
UCG6 7/19 S1 AFc	2021-07-16	1-Iodo-1H,1H,2H,2H-perfluorononane	DTXSID90880156	474	AF	2	2021-07-16	NA	10	MFHET	1	30823.4	1	0	GCMS	Agilent 8890 GC w 7010 triple quadrupole	Analyte RT: 4.82212 ISTD RT: 6.32382	E:\Shark Tank\Group6_072821	UC_474_760_3096_final.xlsx	474Raw	0	Y
UCG6 7/19 S3 T1a	2021-07-16	1-Iodo-1H,1H,2H,2H-perfluorononane	DTXSID90880156	474	T1	10	2021-07-16	NA	10	MFHET	1	22132.1	3	147376	GCMS	Agilent 8890 GC w 7010 triple quadrupole	Analyte RT: 4.83233 ISTD RT: 6.31947	E:\Shark Tank\Group6_072821	UC_474_760_3096_final.xlsx	474Raw	6.659	Y
UCG6 7/19 S3 T1b	2021-07-16	1-Iodo-1H,1H,2H,2H-perfluorononane	DTXSID90880156	474	T1	10	2021-07-16	NA	10	MFHET	1	27272.9	3	171349	GCMS	Agilent 8890 GC w 7010 triple quadrupole	Analyte RT: 4.83233 ISTD RT: 6.32382	E:\Shark Tank\Group6_072821	UC_474_760_3096_final.xlsx	474Raw	6.283	Y
UCG6 7/19 S3 T1c	2021-07-16	1-Iodo-1H,1H,2H,2H-perfluorononane	DTXSID90880156	474	T1	10	2021-07-16	NA	10	MFHET	1	21768.6	3	148709	GCMS	Agilent 8890 GC w 7010 triple quadrupole	Analyte RT: 4.83233 ISTD RT: 6.31947	E:\Shark Tank\Group6_072821	UC_474_760_3096_final.xlsx	474Raw	6.831	Y
UCG6 7/19 S3 T5a	2021-07-16	1-Iodo-1H,1H,2H,2H-perfluorononane	DTXSID90880156	474	T5	10	2021-07-16	NA	10	MFHET	1	24571.7	3	81497.6	GCMS	Agilent 8890 GC w 7010 triple quadrupole	Analyte RT: 4.83743 ISTD RT: 6.31947	E:\Shark Tank\Group6_072821	UC_474_760_3096_final.xlsx	474Raw	3.317	Y
UCG6 7/19 S3 T5b	2021-07-16	1-Iodo-1H,1H,2H,2H-perfluorononane	DTXSID90880156	474	T5	10	2021-07-16	NA	10	MFHET	1	22809.2	3	76580	GCMS	Agilent 8890 GC w 7010 triple quadrupole	Analyte RT: 4.82723 ISTD RT: 6.31947	E:\Shark Tank\Group6_072821	UC_474_760_3096_final.xlsx	474Raw	3.357	Y
UCG6 7/19 S3 T5c	2021-07-16	1-Iodo-1H,1H,2H,2H-perfluorononane	DTXSID90880156	474	T5	10	2021-07-16	NA	10	MFHET	1	23576	3	83659.9	GCMS	Agilent 8890 GC w 7010 triple quadrupole	Analyte RT: 4.82723 ISTD RT: 6.32382	E:\Shark Tank\Group6_072821	UC_474_760_3096_final.xlsx	474Raw	3.549	Y
UCG6 7/19 S3 AFa	2021-07-16	1-Iodo-1H,1H,2H,2H-perfluorononane	DTXSID90880156	474	AF	2	2021-07-16	NA	10	MFHET	1	28135.2	3	78832.4	GCMS	Agilent 8890 GC w 7010 triple quadrupole	Analyte RT: 4.85787 ISTD RT: 6.31947	E:\Shark Tank\Group6_072821	UC_474_760_3096_final.xlsx	474Raw	2.802	Y
UCG6 7/19 S3 AFb	2021-07-16	1-Iodo-1H,1H,2H,2H-perfluorononane	DTXSID90880156	474	AF	2	2021-07-16	NA	10	MFHET	1	26758.8	3	34441.4	GCMS	Agilent 8890 GC w 7010 triple quadrupole	Analyte RT: 4.84765 ISTD RT: 6.31947	E:\Shark Tank\Group6_072821	UC_474_760_3096_final.xlsx	474Raw	1.287	Y
UCG6 7/19 S3 AFc	2021-07-16	1-Iodo-1H,1H,2H,2H-perfluorononane	DTXSID90880156	474	AF	2	2021-07-16	NA	10	MFHET	1	26378.3	3	42713.5	GCMS	Agilent 8890 GC w 7010 triple quadrupole	Analyte RT: 4.81192 ISTD RT: 6.32382	E:\Shark Tank\Group6_072821	UC_474_760_3096_final.xlsx	474Raw	1.619	Y
UCG6 7/19 S1 AFb	2021-07-16	1-Iodo-1H,1H,2H,2H-perfluorononane	DTXSID90880156	474	AF	2	2021-07-16	NA	10	MFHET	1	28201.6	1	0	GCMS	Agilent 8890 GC w 7010 triple quadrupole	Analyte RT: 4.83233 ISTD RT: 6.31947	E:\Shark Tank\Group6_072821	UC_474_760_3096_final.xlsx	474Raw	0	Y
UCG6 7/19 S1 AFc	2021-07-16	1-Iodo-1H,1H,2H,2H-perfluorononane	DTXSID90880156	474	AF	2	2021-07-16	NA	10	MFHET	1	30823.4	1	0	GCMS	Agilent 8890 GC w 7010 triple quadrupole	Analyte RT: 4.82212 ISTD RT: 6.32382	E:\Shark Tank\Group6_072821	UC_474_760_3096_final.xlsx	474Raw	0	Y
UCG6 7/19 S3 T1a	2021-07-16	1-Iodo-1H,1H,2H,2H-perfluorononane	DTXSID90880156	474	T1	10	2021-07-16	NA	10	MFHET	1	22132.1	3	147376	GCMS	Agilent 8890 GC w 7010 triple quadrupole	Analyte RT: 4.83233 ISTD RT: 6.31947	E:\Shark Tank\Group6_072821	UC_474_760_3096_final.xlsx	474Raw	6.659	Y
UCG6 7/19 S3 T1b	2021-07-16	1-Iodo-1H,1H,2H,2H-perfluorononane	DTXSID90880156	474	T1	10	2021-07-16	NA	10	MFHET	1	27272.9	3	171349	GCMS	Agilent 8890 GC w 7010 triple quadrupole	Analyte RT: 4.83233 ISTD RT: 6.32382	E:\Shark Tank\Group6_072821	UC_474_760_3096_final.xlsx	474Raw	6.283	Y
UCG6 7/19 S3 T1c	2021-07-16	1-Iodo-1H,1H,2H,2H-perfluorononane	DTXSID90880156	474	T1	10	2021-07-16	NA	10	MFHET	1	21768.6	3	148709	GCMS	Agilent 8890 GC w 7010 triple quadrupole	Analyte RT: 4.83233 ISTD RT: 6.31947	E:\Shark Tank\Group6_072821	UC_474_760_3096_final.xlsx	474Raw	6.831	Y
UCG6 7/19 S3 T5a	2021-07-16	1-Iodo-1H,1H,2H,2H-perfluorononane	DTXSID90880156	474	T5	10	2021-07-16	NA	10	MFHET	1	24571.7	3	81497.6	GCMS	Agilent 8890 GC w 7010 triple quadrupole	Analyte RT: 4.83743 ISTD RT: 6.31947	E:\Shark Tank\Group6_072821	UC_474_760_3096_final.xlsx	474Raw	3.317	Y
UCG6 7/19 S3 T5b	2021-07-16	1-Iodo-1H,1H,2H,2H-perfluorononane	DTXSID90880156	474	T5	10	2021-07-16	NA	10	MFHET	1	22809.2	3	76580	GCMS	Agilent 8890 GC w 7010 triple quadrupole	Analyte RT: 4.82723 ISTD RT: 6.31947	E:\Shark Tank\Group6_072821	UC_474_760_3096_final.xlsx	474Raw	3.357	Y
UCG6 7/19 S3 T5c	2021-07-16	1-Iodo-1H,1H,2H,2H-perfluorononane	DTXSID90880156	474	T5	10	2021-07-16	NA	10	MFHET	1	23576	3	83659.9	GCMS	Agilent 8890 GC w 7010 triple quadrupole	Analyte RT: 4.82723 ISTD RT: 6.32382	E:\Shark Tank\Group6_072821	UC_474_760_3096_final.xlsx	474Raw	3.549	Y
UCG6 7/19 S3 AFa	2021-07-16	1-Iodo-1H,1H,2H,2H-perfluorononane	DTXSID90880156	474	AF	2	2021-07-16	NA	10	MFHET	1	28135.2	3	78832.4	GCMS	Agilent 8890 GC w 7010 triple quadrupole	Analyte RT: 4.85787 ISTD RT: 6.31947	E:\Shark Tank\Group6_072821	UC_474_760_3096_final.xlsx	474Raw	2.802	Y
UCG6 7/19 S3 AFb	2021-07-16	1-Iodo-1H,1H,2H,2H-perfluorononane	DTXSID90880156	474	AF	2	2021-07-16	NA	10	MFHET	1	26758.8	3	34441.4	GCMS	Agilent 8890 GC w 7010 triple quadrupole	Analyte RT: 4.84765 ISTD RT: 6.31947	E:\Shark Tank\Group6_072821	UC_474_760_3096_final.xlsx	474Raw	1.287	Y
UCG6 7/19 S3 AFc	2021-07-16	1-Iodo-1H,1H,2H,2H-perfluorononane	DTXSID90880156	474	AF	2	2021-07-16	NA	10	MFHET	1	26378.3	3	42713.5	GCMS	Agilent 8890 GC w 7010 triple quadrupole	Analyte RT: 4.81192 ISTD RT: 6.32382	E:\Shark Tank\Group6_072821	UC_474_760_3096_final.xlsx	474Raw	1.619	Y
UCCC15	2021-07-16	(Perfluoro-5-methylhexyl)ethyl 2-methylprop-2-enoate	DTXSID60379901	760	CC	1	2021-07-16	5	10	MFHET	1	57750.7	NA	2299230	GCMS	Agilent 8890 GC w 7010 triple quadrupole	Analyte RT: 6.99635 ISTD RT: 6.4995	E:\Shark Tank\RawData\Group6_072121\Group6_072121	UC_474_760_3096_final.xlsx	760Raw	39.81	Y
UCCC14	2021-07-16	(Perfluoro-5-methylhexyl)ethyl 2-methylprop-2-enoate	DTXSID60379901	760	CC	1	2021-07-16	3.5	10	MFHET	1	68351.9	NA	2029600	GCMS	Agilent 8890 GC w 7010 triple quadrupole	Analyte RT: 6.99295 ISTD RT: 6.49272	E:\Shark Tank\RawData\Group6_072121\Group6_072121	UC_474_760_3096_final.xlsx	760Raw	29.69	Y
UCCC13	2021-07-16	(Perfluoro-5-methylhexyl)ethyl 2-methylprop-2-enoate	DTXSID60379901	760	CC	1	2021-07-16	2.5	10	MFHET	1	73134.4	NA	1492980	GCMS	Agilent 8890 GC w 7010 triple quadrupole	Analyte RT: 6.99295 ISTD RT: 6.49272	E:\Shark Tank\RawData\Group6_072121\Group6_072121	UC_474_760_3096_final.xlsx	760Raw	20.41	Y
UCCC12	2021-07-16	(Perfluoro-5-methylhexyl)ethyl 2-methylprop-2-enoate	DTXSID60379901	760	CC	1	2021-07-16	1.5	10	MFHET	1	71515.9	NA	929937	GCMS	Agilent 8890 GC w 7010 triple quadrupole	Analyte RT: 6.99295 ISTD RT: 6.49272	E:\Shark Tank\RawData\Group6_072121\Group6_072121	UC_474_760_3096_final.xlsx	760Raw	13	Y
UCCC11	2021-07-16	(Perfluoro-5-methylhexyl)ethyl 2-methylprop-2-enoate	DTXSID60379901	760	CC	1	2021-07-16	0.8	10	MFHET	1	79165.4	NA	522563	GCMS	Agilent 8890 GC w 7010 triple quadrupole	Analyte RT: 6.98957 ISTD RT: 6.49272	E:\Shark Tank\RawData\Group6_072121\Group6_072121	UC_474_760_3096_final.xlsx	760Raw	6.601	Y
UCCC10	2021-07-16	(Perfluoro-5-methylhexyl)ethyl 2-methylprop-2-enoate	DTXSID60379901	760	CC	1	2021-07-16	0.5	10	MFHET	1	69929.3	NA	284991	GCMS	Agilent 8890 GC w 7010 triple quadrupole	Analyte RT: 6.99295 ISTD RT: 6.49612	E:\Shark Tank\RawData\Group6_072121\Group6_072121	UC_474_760_3096_final.xlsx	760Raw	4.075	Y
UCCC9	2021-07-16	(Perfluoro-5-methylhexyl)ethyl 2-methylprop-2-enoate	DTXSID60379901	760	CC	1	2021-07-16	0.35	10	MFHET	1	71341.6	NA	206264	GCMS	Agilent 8890 GC w 7010 triple quadrupole	Analyte RT: 6.99295 ISTD RT: 6.49272	E:\Shark Tank\RawData\Group6_072121\Group6_072121	UC_474_760_3096_final.xlsx	760Raw	2.891	Y
UCCC8	2021-07-16	(Perfluoro-5-methylhexyl)ethyl 2-methylprop-2-enoate	DTXSID60379901	760	CC	1	2021-07-16	0.2	10	MFHET	1	67083.7	NA	115828	GCMS	Agilent 8890 GC w 7010 triple quadrupole	Analyte RT: 6.99295 ISTD RT: 6.49612	E:\Shark Tank\RawData\Group6_072121\Group6_072121	UC_474_760_3096_final.xlsx	760Raw	1.727	Y
UCCC7	2021-07-16	(Perfluoro-5-methylhexyl)ethyl 2-methylprop-2-enoate	DTXSID60379901	760	CC	1	2021-07-16	0.125	10	MFHET	1	77510.9	NA	75005	GCMS	Agilent 8890 GC w 7010 triple quadrupole	Analyte RT: 6.98957 ISTD RT: 6.49272	E:\Shark Tank\RawData\Group6_072121\Group6_072121	UC_474_760_3096_final.xlsx	760Raw	0.9677	Y
UCCC6	2021-07-16	(Perfluoro-5-methylhexyl)ethyl 2-methylprop-2-enoate	DTXSID60379901	760	CC	1	2021-07-16	0.08	10	MFHET	1	71832.1	NA	44936.1	GCMS	Agilent 8890 GC w 7010 triple quadrupole	Analyte RT: 6.99295 ISTD RT: 6.49612	E:\Shark Tank\RawData\Group6_072121\Group6_072121	UC_474_760_3096_final.xlsx	760Raw	0.6256	Y
UCCC5	2021-07-16	(Perfluoro-5-methylhexyl)ethyl 2-methylprop-2-enoate	DTXSID60379901	760	CC	1	2021-07-16	0.05	10	MFHET	1	62529.3	NA	25438.2	GCMS	Agilent 8890 GC w 7010 triple quadrupole	Analyte RT: 6.99295 ISTD RT: 6.4995	E:\Shark Tank\RawData\Group6_072121\Group6_072121	UC_474_760_3096_final.xlsx	760Raw	0.4068	Y
UCCC4	2021-07-16	(Perfluoro-5-methylhexyl)ethyl 2-methylprop-2-enoate	DTXSID60379901	760	CC	1	2021-07-16	0.03	10	MFHET	1	72403.1	NA	16629.7	GCMS	Agilent 8890 GC w 7010 triple quadrupole	Analyte RT: 6.99295 ISTD RT: 6.4995	E:\Shark Tank\RawData\Group6_072121\Group6_072121	UC_474_760_3096_final.xlsx	760Raw	0.2297	Y
UCCC3	2021-07-16	(Perfluoro-5-methylhexyl)ethyl 2-methylprop-2-enoate	DTXSID60379901	760	CC	1	2021-07-16	0.02	10	MFHET	1	75146.1	NA	13086.4	GCMS	Agilent 8890 GC w 7010 triple quadrupole	Analyte RT: 6.99295 ISTD RT: 6.49612	E:\Shark Tank\RawData\Group6_072121\Group6_072121	UC_474_760_3096_final.xlsx	760Raw	0.1741	Y
UCCC2	2021-07-16	(Perfluoro-5-methylhexyl)ethyl 2-methylprop-2-enoate	DTXSID60379901	760	CC	1	2021-07-16	0.012	10	MFHET	1	75489.8	NA	8245.93	GCMS	Agilent 8890 GC w 7010 triple quadrupole	Analyte RT: 6.98957 ISTD RT: 6.49612	E:\Shark Tank\RawData\Group6_072121\Group6_072121	UC_474_760_3096_final.xlsx	760Raw	0.1092	Y
UCCC1	2021-07-16	(Perfluoro-5-methylhexyl)ethyl 2-methylprop-2-enoate	DTXSID60379901	760	CC	1	2021-07-16	0.007	10	MFHET	1	70773.2	NA	3523.86	GCMS	Agilent 8890 GC w 7010 triple quadrupole	Analyte RT: 6.99295 ISTD RT: 6.49612	E:\Shark Tank\RawData\Group6_072121\Group6_072121	UC_474_760_3096_final.xlsx	760Raw	0.04979	Y
UCCC spike	2021-07-16	(Perfluoro-5-methylhexyl)ethyl 2-methylprop-2-enoate	DTXSID60379901	760	CC	1	2021-07-16	0	10	MFHET	1	63894.3	NA	0	GCMS	Agilent 8890 GC w 7010 triple quadrupole	Analyte RT: 7.30178 ISTD RT: 6.49612	E:\Shark Tank\RawData\Group6_072121\Group6_072121	UC_474_760_3096_final.xlsx	760Raw	0	Y
UCCC spike	2021-07-16	(Perfluoro-5-methylhexyl)ethyl 2-methylprop-2-enoate	DTXSID60379901	760	CC	1	2021-07-16	0	10	MFHET	1	65127.6	NA	0	GCMS	Agilent 8890 GC w 7010 triple quadrupole	Analyte RT: 7.30178 ISTD RT: 6.4995	E:\Shark Tank\RawData\Group6_072121\Group6_072121	UC_474_760_3096_final.xlsx	760Raw	0	Y
UCCC spike	2021-07-16	(Perfluoro-5-methylhexyl)ethyl 2-methylprop-2-enoate	DTXSID60379901	760	CC	1	2021-07-16	0	10	MFHET	1	65911.8	NA	0	GCMS	Agilent 8890 GC w 7010 triple quadrupole	Analyte RT: 7.30178 ISTD RT: 6.49952	E:\Shark Tank\RawData\Group6_072121\Group6_072121	UC_474_760_3096_final.xlsx	760Raw	0	Y
UCCC spike	2021-07-16	(Perfluoro-5-methylhexyl)ethyl 2-methylprop-2-enoate	DTXSID60379901	760	CC	1	2021-07-16	0	10	MFHET	1	70290.4	NA	0	GCMS	Agilent 8890 GC w 7010 triple quadrupole	Analyte RT: 7.30178 ISTD RT: 6.49612	E:\Shark Tank\RawData\Group6_072121\Group6_072121	UC_474_760_3096_final.xlsx	760Raw	0	Y
UCCC spike	2021-07-16	(Perfluoro-5-methylhexyl)ethyl 2-methylprop-2-enoate	DTXSID60379901	760	CC	1	2021-07-16	0	10	MFHET	1	65796.8	NA	0	GCMS	Agilent 8890 GC w 7010 triple quadrupole	Analyte RT: 7.30518 ISTD RT: 6.4995	E:\Shark Tank\RawData\Group6_072121\Group6_072121	UC_474_760_3096_final.xlsx	760Raw	0	Y
UCCC spike	2021-07-16	(Perfluoro-5-methylhexyl)ethyl 2-methylprop-2-enoate	DTXSID60379901	760	CC	1	2021-07-16	0	10	MFHET	1	70607	NA	0	GCMS	Agilent 8890 GC w 7010 triple quadrupole	Analyte RT: 7.31197 ISTD RT: 6.5063	E:\Shark Tank\RawData\Group6_072121\Group6_072121	UC_474_760_3096_final.xlsx	760Raw	0	Y
UCCC spike	2021-07-16	(Perfluoro-5-methylhexyl)ethyl 2-methylprop-2-enoate	DTXSID60379901	760	CC	1	2021-07-16	0	10	MFHET	1	77688.8	NA	0	GCMS	Agilent 8890 GC w 7010 triple quadrupole	Analyte RT: 7.31197 ISTD RT: 6.5063	E:\Shark Tank\RawData\Group6_072121\Group6_072121	UC_474_760_3096_final.xlsx	760Raw	0	Y
UCCC spike	2021-07-16	(Perfluoro-5-methylhexyl)ethyl 2-methylprop-2-enoate	DTXSID60379901	760	CC	1	2021-07-16	0	10	MFHET	1	80543.1	NA	0	GCMS	Agilent 8890 GC w 7010 triple quadrupole	Analyte RT: 7.31875 ISTD RT: 6.50968	E:\Shark Tank\RawData\Group6_072121\Group6_072121	UC_474_760_3096_final.xlsx	760Raw	0	Y
UCCC spike	2021-07-16	(Perfluoro-5-methylhexyl)ethyl 2-methylprop-2-enoate	DTXSID60379901	760	CC	1	2021-07-16	0	10	MFHET	1	83973.7	NA	193272	GCMS	Agilent 8890 GC w 7010 triple quadrupole	Analyte RT: 7.31875 ISTD RT: 6.51308	E:\Shark Tank\RawData\Group6_072121\Group6_072121	UC_474_760_3096_final.xlsx	760Raw	2.302	Y
UCCC15	2021-07-16	(Perfluoro-5-methylhexyl)ethyl 2-methylprop-2-enoate	DTXSID60379901	760	CC	1	2021-07-16	5	10	MFHET	1	56929.5	NA	2362600	GCMS	Agilent 8890 GC w 7010 triple quadrupole	Analyte RT: 6.99635 ISTD RT: 6.4995	E:\Shark Tank\RawData\Group6_072121\Group6_072121	UC_474_760_3096_final.xlsx	760Raw	41.5	Y
UCCC15	2021-07-16	(Perfluoro-5-methylhexyl)ethyl 2-methylprop-2-enoate	DTXSID60379901	760	CC	1	2021-07-16	5	10	MFHET	1	60387.7	NA	2422460	GCMS	Agilent 8890 GC w 7010 triple quadrupole	Analyte RT: 6.99295 ISTD RT: 6.49612	E:\Shark Tank\RawData\Group6_072121\Group6_072121	UC_474_760_3096_final.xlsx	760Raw	40.12	Y
UCCC15	2021-07-16	(Perfluoro-5-methylhexyl)ethyl 2-methylprop-2-enoate	DTXSID60379901	760	CC	1	2021-07-16	5	10	MFHET	1	59619.8	NA	2387900	GCMS	Agilent 8890 GC w 7010 triple quadrupole	Analyte RT: 6.99635 ISTD RT: 6.49612	E:\Shark Tank\RawData\Group6_072121\Group6_072121	UC_474_760_3096_final.xlsx	760Raw	40.05	Y
UCCC6	2021-07-16	(Perfluoro-5-methylhexyl)ethyl 2-methylprop-2-enoate	DTXSID60379901	760	CC	1	2021-07-16	0.08	10	MFHET	1	74526.1	NA	46682.7	GCMS	Agilent 8890 GC w 7010 triple quadrupole	Analyte RT: 6.99295 ISTD RT: 6.49612	E:\Shark Tank\RawData\Group6_072121\Group6_072121	UC_474_760_3096_final.xlsx	760Raw	0.6264	Y
UCG6QCCC8	2021-07-16	(Perfluoro-5-methylhexyl)ethyl 2-methylprop-2-enoate	DTXSID60379901	760	CC	1	2021-07-16	0.2	10	MFHET	1	84847.6	NA	4706.89	GCMS	Agilent 8890 GC w 7010 triple quadrupole	Analyte RT: 6.99295 ISTD RT: 6.49272	E:\Shark Tank\RawData\Group6_072121\Group6_072121	UC_474_760_3096_final.xlsx	760Raw	0.05547	Y
UCG6QCCC11	2021-07-16	(Perfluoro-5-methylhexyl)ethyl 2-methylprop-2-enoate	DTXSID60379901	760	CC	1	2021-07-16	0.8	10	MFHET	1	81735	NA	22461.1	GCMS	Agilent 8890 GC w 7010 triple quadrupole	Analyte RT: 6.99295 ISTD RT: 6.4995	E:\Shark Tank\RawData\Group6_072121\Group6_072121	UC_474_760_3096_final.xlsx	760Raw	0.2748	Y
UCCC10	2021-07-16	(Perfluoro-5-methylhexyl)ethyl 2-methylprop-2-enoate	DTXSID60379901	760	CC	1	2021-07-16	0.5	10	MFHET	1	70552.3	NA	277300	GCMS	Agilent 8890 GC w 7010 triple quadrupole	Analyte RT: 6.99295 ISTD RT: 6.5029	E:\Shark Tank\RawData\Group6_072121\Group6_072121	UC_474_760_3096_final.xlsx	760Raw	3.93	Y
UCCC9	2021-07-16	(Perfluoro-5-methylhexyl)ethyl 2-methylprop-2-enoate	DTXSID60379901	760	CC	1	2021-07-16	0.35	10	MFHET	1	75454.9	NA	197718	GCMS	Agilent 8890 GC w 7010 triple quadrupole	Analyte RT: 6.98957 ISTD RT: 6.5029	E:\Shark Tank\RawData\Group6_072121\Group6_072121	UC_474_760_3096_final.xlsx	760Raw	2.62	Y
UCG6QCCC8	2021-07-16	(Perfluoro-5-methylhexyl)ethyl 2-methylprop-2-enoate	DTXSID60379901	760	CC	1	2021-07-16	0.2	10	MFHET	1	75617.8	NA	5722.2	GCMS	Agilent 8890 GC w 7010 triple quadrupole	Analyte RT: 6.99295 ISTD RT: 6.5063	E:\Shark Tank\RawData\Group6_072121\Group6_072121	UC_474_760_3096_final.xlsx	760Raw	0.07567	Y
UCCC7	2021-07-16	(Perfluoro-5-methylhexyl)ethyl 2-methylprop-2-enoate	DTXSID60379901	760	CC	1	2021-07-16	0.125	10	MFHET	1	68906.8	NA	69943	GCMS	Agilent 8890 GC w 7010 triple quadrupole	Analyte RT: 6.99635 ISTD RT: 6.50968	E:\Shark Tank\RawData\Group6_072121\Group6_072121	UC_474_760_3096_final.xlsx	760Raw	1.015	Y
UCG6 7/19 S3 AFa	2021-07-16	(Perfluoro-5-methylhexyl)ethyl 2-methylprop-2-enoate	DTXSID60379901	760	AF	2	2021-07-16	NA	10	MFHET	1	61510.8	3	0	GCMS	Agilent 8890 GC w 7010 triple quadrupole	Analyte RT: 7.31197 ISTD RT: 6.4995	E:\Shark Tank\RawData\Group6_072121\Group6_072121	UC_474_760_3096_final.xlsx	760Raw	0	Y
UCG6 7/19 S3 AFb	2021-07-16	(Perfluoro-5-methylhexyl)ethyl 2-methylprop-2-enoate	DTXSID60379901	760	AF	2	2021-07-16	NA	10	MFHET	1	60135.3	3	0	GCMS	Agilent 8890 GC w 7010 triple quadrupole	Analyte RT: 7.31875 ISTD RT: 6.4995	E:\Shark Tank\RawData\Group6_072121\Group6_072121	UC_474_760_3096_final.xlsx	760Raw	0	Y
UCG6 7/19 S3 AFc	2021-07-16	(Perfluoro-5-methylhexyl)ethyl 2-methylprop-2-enoate	DTXSID60379901	760	AF	2	2021-07-16	NA	10	MFHET	1	65240.4	3	0	GCMS	Agilent 8890 GC w 7010 triple quadrupole	Analyte RT: 7.31535 ISTD RT: 6.49612	E:\Shark Tank\RawData\Group6_072121\Group6_072121	UC_474_760_3096_final.xlsx	760Raw	0	Y
UCG6 7/19 S2 AFa	2021-07-16	(Perfluoro-5-methylhexyl)ethyl 2-methylprop-2-enoate	DTXSID60379901	760	AF	2	2021-07-16	NA	10	MFHET	1	62722.4	2	0	GCMS	Agilent 8890 GC w 7010 triple quadrupole	Analyte RT: 7.31535 ISTD RT: 6.5063	E:\Shark Tank\RawData\Group6_072121\Group6_072121	UC_474_760_3096_final.xlsx	760Raw	0	Y
UCG6 7/19 S2 AFb	2021-07-16	(Perfluoro-5-methylhexyl)ethyl 2-methylprop-2-enoate	DTXSID60379901	760	AF	2	2021-07-16	NA	10	MFHET	1	65849.6	2	0	GCMS	Agilent 8890 GC w 7010 triple quadrupole	Analyte RT: 7.31875 ISTD RT: 6.4995	E:\Shark Tank\RawData\Group6_072121\Group6_072121	UC_474_760_3096_final.xlsx	760Raw	0	Y
UCG6 7/19 S2 AFc	2021-07-16	(Perfluoro-5-methylhexyl)ethyl 2-methylprop-2-enoate	DTXSID60379901	760	AF	2	2021-07-16	NA	10	MFHET	1	67464.7	2	0	GCMS	Agilent 8890 GC w 7010 triple quadrupole	Analyte RT: 7.32215 ISTD RT: 6.4995	E:\Shark Tank\RawData\Group6_072121\Group6_072121	UC_474_760_3096_final.xlsx	760Raw	0	Y
UCG6 7/19 S1 T1a	2021-07-16	(Perfluoro-5-methylhexyl)ethyl 2-methylprop-2-enoate	DTXSID60379901	760	T1	10	2021-07-16	NA	10	MFHET	1	24067.2	1	116354	GCMS	Agilent 8890 GC w 7010 triple quadrupole	Analyte RT: 6.98277 ISTD RT: 6.50968	E:\Shark Tank\RawData\Group6_072121\Group6_072121	UC_474_760_3096_final.xlsx	760Raw	4.835	Y
UCG6 7/19 S1 T1b	2021-07-16	(Perfluoro-5-methylhexyl)ethyl 2-methylprop-2-enoate	DTXSID60379901	760	T1	10	2021-07-16	NA	10	MFHET	1	64002.8	1	306106	GCMS	Agilent 8890 GC w 7010 triple quadrupole	Analyte RT: 6.98957 ISTD RT: 6.4995	E:\Shark Tank\RawData\Group6_072121\Group6_072121	UC_474_760_3096_final.xlsx	760Raw	4.783	Y
UCG6 7/19 S1 T1c	2021-07-16	(Perfluoro-5-methylhexyl)ethyl 2-methylprop-2-enoate	DTXSID60379901	760	T1	10	2021-07-16	NA	10	MFHET	1	65882.6	1	298323	GCMS	Agilent 8890 GC w 7010 triple quadrupole	Analyte RT: 6.98957 ISTD RT: 6.4995	E:\Shark Tank\RawData\Group6_072121\Group6_072121	UC_474_760_3096_final.xlsx	760Raw	4.528	Y
UCG6 7/19 S1 T5a	2021-07-16	(Perfluoro-5-methylhexyl)ethyl 2-methylprop-2-enoate	DTXSID60379901	760	T5	10	2021-07-16	NA	10	MFHET	1	66013.1	1	197998	GCMS	Agilent 8890 GC w 7010 triple quadrupole	Analyte RT: 6.99295 ISTD RT: 6.5029	E:\Shark Tank\RawData\Group6_072121\Group6_072121	UC_474_760_3096_final.xlsx	760Raw	2.999	Y
UCG6 7/19 S1 T5b	2021-07-16	(Perfluoro-5-methylhexyl)ethyl 2-methylprop-2-enoate	DTXSID60379901	760	T5	10	2021-07-16	NA	10	MFHET	1	67403.2	1	199621	GCMS	Agilent 8890 GC w 7010 triple quadrupole	Analyte RT: 6.98957 ISTD RT: 6.4995	E:\Shark Tank\RawData\Group6_072121\Group6_072121	UC_474_760_3096_final.xlsx	760Raw	2.962	Y
UCG6 7/19 S1 T5c	2021-07-16	(Perfluoro-5-methylhexyl)ethyl 2-methylprop-2-enoate	DTXSID60379901	760	T5	10	2021-07-16	NA	10	MFHET	1	66726.1	1	202240	GCMS	Agilent 8890 GC w 7010 triple quadrupole	Analyte RT: 6.98957 ISTD RT: 6.4995	E:\Shark Tank\RawData\Group6_072121\Group6_072121	UC_474_760_3096_final.xlsx	760Raw	3.031	Y
UCG6 7/19 S1 AFa	2021-07-16	(Perfluoro-5-methylhexyl)ethyl 2-methylprop-2-enoate	DTXSID60379901	760	AF	2	2021-07-16	NA	10	MFHET	1	65045.4	1	42643.8	GCMS	Agilent 8890 GC w 7010 triple quadrupole	Analyte RT: 6.98957 ISTD RT: 6.50968	E:\Shark Tank\RawData\Group6_072121\Group6_072121	UC_474_760_3096_final.xlsx	760Raw	0.6556	Y
UCG6 7/19 S1 AFb	2021-07-16	(Perfluoro-5-methylhexyl)ethyl 2-methylprop-2-enoate	DTXSID60379901	760	AF	2	2021-07-16	NA	10	MFHET	1	67225	1	75147.1	GCMS	Agilent 8890 GC w 7010 triple quadrupole	Analyte RT: 6.98957 ISTD RT: 6.5063	E:\Shark Tank\RawData\Group6_072121\Group6_072121	UC_474_760_3096_final.xlsx	760Raw	1.118	Y
UCG6 7/19 S1 AFc	2021-07-16	(Perfluoro-5-methylhexyl)ethyl 2-methylprop-2-enoate	DTXSID60379901	760	AF	2	2021-07-16	NA	10	MFHET	1	66468.5	1	62190	GCMS	Agilent 8890 GC w 7010 triple quadrupole	Analyte RT: 6.98957 ISTD RT: 6.5063	E:\Shark Tank\RawData\Group6_072121\Group6_072121	UC_474_760_3096_final.xlsx	760Raw	0.9356	Y
UCG6 7/19 S2 AFa	2021-07-16	(Perfluoro-5-methylhexyl)ethyl 2-methylprop-2-enoate	DTXSID60379901	760	AF	2	2021-07-16	NA	10	MFHET	1	62722.4	2	0	GCMS	Agilent 8890 GC w 7010 triple quadrupole	Analyte RT: 7.31535 ISTD RT: 6.5063	E:\Shark Tank\RawData\Group6_072121\Group6_072121	UC_474_760_3096_final.xlsx	760Raw	0	Y
UCG6 7/19 S2 AFb	2021-07-16	(Perfluoro-5-methylhexyl)ethyl 2-methylprop-2-enoate	DTXSID60379901	760	AF	2	2021-07-16	NA	10	MFHET	1	65849.6	2	0	GCMS	Agilent 8890 GC w 7010 triple quadrupole	Analyte RT: 7.31875 ISTD RT: 6.4995	E:\Shark Tank\RawData\Group6_072121\Group6_072121	UC_474_760_3096_final.xlsx	760Raw	0	Y
UCG6 7/19 S2 AFc	2021-07-16	(Perfluoro-5-methylhexyl)ethyl 2-methylprop-2-enoate	DTXSID60379901	760	AF	2	2021-07-16	NA	10	MFHET	1	67464.7	2	0	GCMS	Agilent 8890 GC w 7010 triple quadrupole	Analyte RT: 7.32215 ISTD RT: 6.4995	E:\Shark Tank\RawData\Group6_072121\Group6_072121	UC_474_760_3096_final.xlsx	760Raw	0	Y
UCG6 7/19 S1 T1a	2021-07-16	(Perfluoro-5-methylhexyl)ethyl 2-methylprop-2-enoate	DTXSID60379901	760	T1	10	2021-07-16	NA	10	MFHET	1	24067.2	1	116354	GCMS	Agilent 8890 GC w 7010 triple quadrupole	Analyte RT: 6.98277 ISTD RT: 6.50968	E:\Shark Tank\RawData\Group6_072121\Group6_072121	UC_474_760_3096_final.xlsx	760Raw	4.835	Y
UCG6 7/19 S1 T1b	2021-07-16	(Perfluoro-5-methylhexyl)ethyl 2-methylprop-2-enoate	DTXSID60379901	760	T1	10	2021-07-16	NA	10	MFHET	1	64002.8	1	306106	GCMS	Agilent 8890 GC w 7010 triple quadrupole	Analyte RT: 6.98957 ISTD RT: 6.4995	E:\Shark Tank\RawData\Group6_072121\Group6_072121	UC_474_760_3096_final.xlsx	760Raw	4.783	Y
UCG6 7/19 S1 T1c	2021-07-16	(Perfluoro-5-methylhexyl)ethyl 2-methylprop-2-enoate	DTXSID60379901	760	T1	10	2021-07-16	NA	10	MFHET	1	65882.6	1	298323	GCMS	Agilent 8890 GC w 7010 triple quadrupole	Analyte RT: 6.98957 ISTD RT: 6.4995	E:\Shark Tank\RawData\Group6_072121\Group6_072121	UC_474_760_3096_final.xlsx	760Raw	4.528	Y
UCG6 7/19 S1 T5a	2021-07-16	(Perfluoro-5-methylhexyl)ethyl 2-methylprop-2-enoate	DTXSID60379901	760	T5	10	2021-07-16	NA	10	MFHET	1	66013.1	1	197998	GCMS	Agilent 8890 GC w 7010 triple quadrupole	Analyte RT: 6.99295 ISTD RT: 6.5029	E:\Shark Tank\RawData\Group6_072121\Group6_072121	UC_474_760_3096_final.xlsx	760Raw	2.999	Y
UCG6 7/19 S1 T5b	2021-07-16	(Perfluoro-5-methylhexyl)ethyl 2-methylprop-2-enoate	DTXSID60379901	760	T5	10	2021-07-16	NA	10	MFHET	1	67403.2	1	199621	GCMS	Agilent 8890 GC w 7010 triple quadrupole	Analyte RT: 6.98957 ISTD RT: 6.4995	E:\Shark Tank\RawData\Group6_072121\Group6_072121	UC_474_760_3096_final.xlsx	760Raw	2.962	Y
UCG6 7/19 S1 T5c	2021-07-16	(Perfluoro-5-methylhexyl)ethyl 2-methylprop-2-enoate	DTXSID60379901	760	T5	10	2021-07-16	NA	10	MFHET	1	66726.1	1	202240	GCMS	Agilent 8890 GC w 7010 triple quadrupole	Analyte RT: 6.98957 ISTD RT: 6.4995	E:\Shark Tank\RawData\Group6_072121\Group6_072121	UC_474_760_3096_final.xlsx	760Raw	3.031	Y
UCG6 7/19 S1 AFa	2021-07-16	(Perfluoro-5-methylhexyl)ethyl 2-methylprop-2-enoate	DTXSID60379901	760	AF	2	2021-07-16	NA	10	MFHET	1	65045.4	1	42643.8	GCMS	Agilent 8890 GC w 7010 triple quadrupole	Analyte RT: 6.98957 ISTD RT: 6.50968	E:\Shark Tank\RawData\Group6_072121\Group6_072121	UC_474_760_3096_final.xlsx	760Raw	0.6556	Y
UCG6 7/19 S1 AFb	2021-07-16	(Perfluoro-5-methylhexyl)ethyl 2-methylprop-2-enoate	DTXSID60379901	760	AF	2	2021-07-16	NA	10	MFHET	1	67225	1	75147.1	GCMS	Agilent 8890 GC w 7010 triple quadrupole	Analyte RT: 6.98957 ISTD RT: 6.5063	E:\Shark Tank\RawData\Group6_072121\Group6_072121	UC_474_760_3096_final.xlsx	760Raw	1.118	Y
UCG6 7/19 S1 AFc	2021-07-16	(Perfluoro-5-methylhexyl)ethyl 2-methylprop-2-enoate	DTXSID60379901	760	AF	2	2021-07-16	NA	10	MFHET	1	66468.5	1	62190	GCMS	Agilent 8890 GC w 7010 triple quadrupole	Analyte RT: 6.98957 ISTD RT: 6.5063	E:\Shark Tank\RawData\Group6_072121\Group6_072121	UC_474_760_3096_final.xlsx	760Raw	0.9356	Y
UCG6 7/19 S1 T1a	2021-07-16	(Perfluoro-5-methylhexyl)ethyl 2-methylprop-2-enoate	DTXSID60379901	760	T1	10	2021-07-16	NA	10	MFHET	1	24067.2	1	116354	GCMS	Agilent 8890 GC w 7010 triple quadrupole	Analyte RT: 6.98277 ISTD RT: 6.50968	E:\Shark Tank\RawData\Group6_072121\Group6_072121	UC_474_760_3096_final.xlsx	760Raw	4.835	Y
UCG6 7/19 S1 T1b	2021-07-16	(Perfluoro-5-methylhexyl)ethyl 2-methylprop-2-enoate	DTXSID60379901	760	T1	10	2021-07-16	NA	10	MFHET	1	64002.8	1	306106	GCMS	Agilent 8890 GC w 7010 triple quadrupole	Analyte RT: 6.98957 ISTD RT: 6.4995	E:\Shark Tank\RawData\Group6_072121\Group6_072121	UC_474_760_3096_final.xlsx	760Raw	4.783	Y
UCG6 7/19 S1 T1c	2021-07-16	(Perfluoro-5-methylhexyl)ethyl 2-methylprop-2-enoate	DTXSID60379901	760	T1	10	2021-07-16	NA	10	MFHET	1	65882.6	1	298323	GCMS	Agilent 8890 GC w 7010 triple quadrupole	Analyte RT: 6.98957 ISTD RT: 6.4995	E:\Shark Tank\RawData\Group6_072121\Group6_072121	UC_474_760_3096_final.xlsx	760Raw	4.528	Y
UCG6 7/19 S1 T5a	2021-07-16	(Perfluoro-5-methylhexyl)ethyl 2-methylprop-2-enoate	DTXSID60379901	760	T5	10	2021-07-16	NA	10	MFHET	1	66013.1	1	197998	GCMS	Agilent 8890 GC w 7010 triple quadrupole	Analyte RT: 6.99295 ISTD RT: 6.5029	E:\Shark Tank\RawData\Group6_072121\Group6_072121	UC_474_760_3096_final.xlsx	760Raw	2.999	Y
UCG6 7/19 S1 T5b	2021-07-16	(Perfluoro-5-methylhexyl)ethyl 2-methylprop-2-enoate	DTXSID60379901	760	T5	10	2021-07-16	NA	10	MFHET	1	67403.2	1	199621	GCMS	Agilent 8890 GC w 7010 triple quadrupole	Analyte RT: 6.98957 ISTD RT: 6.4995	E:\Shark Tank\RawData\Group6_072121\Group6_072121	UC_474_760_3096_final.xlsx	760Raw	2.962	Y
UCG6 7/19 S1 T5c	2021-07-16	(Perfluoro-5-methylhexyl)ethyl 2-methylprop-2-enoate	DTXSID60379901	760	T5	10	2021-07-16	NA	10	MFHET	1	66726.1	1	202240	GCMS	Agilent 8890 GC w 7010 triple quadrupole	Analyte RT: 6.98957 ISTD RT: 6.4995	E:\Shark Tank\RawData\Group6_072121\Group6_072121	UC_474_760_3096_final.xlsx	760Raw	3.031	Y
UCG6 7/19 S1 AFa	2021-07-16	(Perfluoro-5-methylhexyl)ethyl 2-methylprop-2-enoate	DTXSID60379901	760	AF	2	2021-07-16	NA	10	MFHET	1	65045.4	1	42643.8	GCMS	Agilent 8890 GC w 7010 triple quadrupole	Analyte RT: 6.98957 ISTD RT: 6.50968	E:\Shark Tank\RawData\Group6_072121\Group6_072121	UC_474_760_3096_final.xlsx	760Raw	0.6556	Y
UCG6 7/19 S1 AFb	2021-07-16	(Perfluoro-5-methylhexyl)ethyl 2-methylprop-2-enoate	DTXSID60379901	760	AF	2	2021-07-16	NA	10	MFHET	1	67225	1	75147.1	GCMS	Agilent 8890 GC w 7010 triple quadrupole	Analyte RT: 6.98957 ISTD RT: 6.5063	E:\Shark Tank\RawData\Group6_072121\Group6_072121	UC_474_760_3096_final.xlsx	760Raw	1.118	Y
UCG6 7/19 S1 AFc	2021-07-16	(Perfluoro-5-methylhexyl)ethyl 2-methylprop-2-enoate	DTXSID60379901	760	AF	2	2021-07-16	NA	10	MFHET	1	66468.5	1	62190	GCMS	Agilent 8890 GC w 7010 triple quadrupole	Analyte RT: 6.98957 ISTD RT: 6.5063	E:\Shark Tank\RawData\Group6_072121\Group6_072121	UC_474_760_3096_final.xlsx	760Raw	0.9356	Y
UCCC15	2021-07-16	((2,2,3,3-Tetrafluoropropoxy)methyl)oxirane	DTXSID70880230	3096	CC	1	2021-07-16	5	10	MFOET	1	26376.2	NA	495833	GCMS	Agilent 8890 GC w 7010 triple quadrupole	Analyte RT: 7.87903 ISTD RT: 7.30722	E:\Shark Tank\RawData\Group6_072121\Group6_072121	UC_474_760_3096_final.xlsx	3096Raw	18.8	Y
UCCC14	2021-07-16	((2,2,3,3-Tetrafluoropropoxy)methyl)oxirane	DTXSID70880230	3096	CC	1	2021-07-16	3.5	10	MFOET	1	32003.1	NA	333726	GCMS	Agilent 8890 GC w 7010 triple quadrupole	Analyte RT: 7.87903 ISTD RT: 7.30722	E:\Shark Tank\RawData\Group6_072121\Group6_072121	UC_474_760_3096_final.xlsx	3096Raw	10.43	Y
UCCC13	2021-07-16	((2,2,3,3-Tetrafluoropropoxy)methyl)oxirane	DTXSID70880230	3096	CC	1	2021-07-16	2.5	10	MFOET	1	30445.4	NA	253211	GCMS	Agilent 8890 GC w 7010 triple quadrupole	Analyte RT: 7.87903 ISTD RT: 7.30722	E:\Shark Tank\RawData\Group6_072121\Group6_072121	UC_474_760_3096_final.xlsx	3096Raw	8.317	Y
UCCC12	2021-07-16	((2,2,3,3-Tetrafluoropropoxy)methyl)oxirane	DTXSID70880230	3096	CC	1	2021-07-16	1.5	10	MFOET	1	31670.5	NA	204123	GCMS	Agilent 8890 GC w 7010 triple quadrupole	Analyte RT: 7.87903 ISTD RT: 7.30722	E:\Shark Tank\RawData\Group6_072121\Group6_072121	UC_474_760_3096_final.xlsx	3096Raw	6.445	Y
UCCC11	2021-07-16	((2,2,3,3-Tetrafluoropropoxy)methyl)oxirane	DTXSID70880230	3096	CC	1	2021-07-16	0.8	10	MFOET	1	33787	NA	97530.2	GCMS	Agilent 8890 GC w 7010 triple quadrupole	Analyte RT: 7.87903 ISTD RT: 7.30722	E:\Shark Tank\RawData\Group6_072121\Group6_072121	UC_474_760_3096_final.xlsx	3096Raw	2.887	Y
UCCC10	2021-07-16	((2,2,3,3-Tetrafluoropropoxy)methyl)oxirane	DTXSID70880230	3096	CC	1	2021-07-16	0.5	10	MFOET	1	31883.2	NA	50411.9	GCMS	Agilent 8890 GC w 7010 triple quadrupole	Analyte RT: 7.87903 ISTD RT: 7.3106	E:\Shark Tank\RawData\Group6_072121\Group6_072121	UC_474_760_3096_final.xlsx	3096Raw	1.581	Y
UCCC9	2021-07-16	((2,2,3,3-Tetrafluoropropoxy)methyl)oxirane	DTXSID70880230	3096	CC	1	2021-07-16	0.35	10	MFOET	1	31834.6	NA	32938.2	GCMS	Agilent 8890 GC w 7010 triple quadrupole	Analyte RT: 7.87903 ISTD RT: 7.30722	E:\Shark Tank\RawData\Group6_072121\Group6_072121	UC_474_760_3096_final.xlsx	3096Raw	1.035	Y
UCCC8	2021-07-16	((2,2,3,3-Tetrafluoropropoxy)methyl)oxirane	DTXSID70880230	3096	CC	1	2021-07-16	0.2	10	MFOET	1	31106.3	NA	25311.3	GCMS	Agilent 8890 GC w 7010 triple quadrupole	Analyte RT: 7.87468 ISTD RT: 7.3106	E:\Shark Tank\RawData\Group6_072121\Group6_072121	UC_474_760_3096_final.xlsx	3096Raw	0.8137	Y
UCCC7	2021-07-16	((2,2,3,3-Tetrafluoropropoxy)methyl)oxirane	DTXSID70880230	3096	CC	1	2021-07-16	0.125	10	MFOET	1	33287.7	NA	13318	GCMS	Agilent 8890 GC w 7010 triple quadrupole	Analyte RT: 7.87903 ISTD RT: 7.30382	E:\Shark Tank\RawData\Group6_072121\Group6_072121	UC_474_760_3096_final.xlsx	3096Raw	0.4001	Y
UCCC6	2021-07-16	((2,2,3,3-Tetrafluoropropoxy)methyl)oxirane	DTXSID70880230	3096	CC	1	2021-07-16	0.08	10	MFOET	1	33954.5	NA	10177.7	GCMS	Agilent 8890 GC w 7010 triple quadrupole	Analyte RT: 7.87903 ISTD RT: 7.30722	E:\Shark Tank\RawData\Group6_072121\Group6_072121	UC_474_760_3096_final.xlsx	3096Raw	0.2997	Y
UCCC5	2021-07-16	((2,2,3,3-Tetrafluoropropoxy)methyl)oxirane	DTXSID70880230	3096	CC	1	2021-07-16	0.05	10	MFOET	1	28771.1	NA	5270.43	GCMS	Agilent 8890 GC w 7010 triple quadrupole	Analyte RT: 7.87903 ISTD RT: 7.3106	E:\Shark Tank\RawData\Group6_072121\Group6_072121	UC_474_760_3096_final.xlsx	3096Raw	0.1832	Y
UCCC4	2021-07-16	((2,2,3,3-Tetrafluoropropoxy)methyl)oxirane	DTXSID70880230	3096	CC	1	2021-07-16	0.03	10	MFOET	1	32649.7	NA	2855.26	GCMS	Agilent 8890 GC w 7010 triple quadrupole	Analyte RT: 7.87903 ISTD RT: 7.3106	E:\Shark Tank\RawData\Group6_072121\Group6_072121	UC_474_760_3096_final.xlsx	3096Raw	0.08745	Y
UCCC3	2021-07-16	((2,2,3,3-Tetrafluoropropoxy)methyl)oxirane	DTXSID70880230	3096	CC	1	2021-07-16	0.02	10	MFOET	1	32594.4	NA	2344.29	GCMS	Agilent 8890 GC w 7010 triple quadrupole	Analyte RT: 7.87903 ISTD RT: 7.3106	E:\Shark Tank\RawData\Group6_072121\Group6_072121	UC_474_760_3096_final.xlsx	3096Raw	0.07192	Y
UCCC2	2021-07-16	((2,2,3,3-Tetrafluoropropoxy)methyl)oxirane	DTXSID70880230	3096	CC	1	2021-07-16	0.012	10	MFOET	1	32442.5	NA	0	GCMS	Agilent 8890 GC w 7010 triple quadrupole	Analyte RT: 7.4961 ISTD RT: 7.3106	E:\Shark Tank\RawData\Group6_072121\Group6_072121	UC_474_760_3096_final.xlsx	3096Raw	0	Y
UCCC1	2021-07-16	((2,2,3,3-Tetrafluoropropoxy)methyl)oxirane	DTXSID70880230	3096	CC	1	2021-07-16	0.007	10	MFOET	1	32297.8	NA	0	GCMS	Agilent 8890 GC w 7010 triple quadrupole	Analyte RT: 7.87468 ISTD RT: 7.3106	E:\Shark Tank\RawData\Group6_072121\Group6_072121	UC_474_760_3096_final.xlsx	3096Raw	0	Y
UCCC spike	2021-07-16	((2,2,3,3-Tetrafluoropropoxy)methyl)oxirane	DTXSID70880230	3096	CC	1	2021-07-16	0	10	MFOET	1	28793.9	NA	1021.12	GCMS	Agilent 8890 GC w 7010 triple quadrupole	Analyte RT: 7.62665 ISTD RT: 7.30042	E:\Shark Tank\RawData\Group6_072121\Group6_072121	UC_474_760_3096_final.xlsx	3096Raw	0.03546	Y
UCCC spike	2021-07-16	((2,2,3,3-Tetrafluoropropoxy)methyl)oxirane	DTXSID70880230	3096	CC	1	2021-07-16	0	10	MFOET	1	29375.8	NA	1052.36	GCMS	Agilent 8890 GC w 7010 triple quadrupole	Analyte RT: 7.56573 ISTD RT: 7.30042	E:\Shark Tank\RawData\Group6_072121\Group6_072121	UC_474_760_3096_final.xlsx	3096Raw	0.03582	Y
UCCC spike	2021-07-16	((2,2,3,3-Tetrafluoropropoxy)methyl)oxirane	DTXSID70880230	3096	CC	1	2021-07-16	0	10	MFOET	1	32215.3	NA	845.021	GCMS	Agilent 8890 GC w 7010 triple quadrupole	Analyte RT: 7.86598 ISTD RT: 7.30042	E:\Shark Tank\RawData\Group6_072121\Group6_072121	UC_474_760_3096_final.xlsx	3096Raw	0.02623	Y
UCCC spike	2021-07-16	((2,2,3,3-Tetrafluoropropoxy)methyl)oxirane	DTXSID70880230	3096	CC	1	2021-07-16	0	10	MFOET	1	28524.2	NA	635.727	GCMS	Agilent 8890 GC w 7010 triple quadrupole	Analyte RT: 7.88338 ISTD RT: 7.30382	E:\Shark Tank\RawData\Group6_072121\Group6_072121	UC_474_760_3096_final.xlsx	3096Raw	0.02229	Y
UCCC spike	2021-07-16	((2,2,3,3-Tetrafluoropropoxy)methyl)oxirane	DTXSID70880230	3096	CC	1	2021-07-16	0	10	MFOET	1	31782	NA	0	GCMS	Agilent 8890 GC w 7010 triple quadrupole	Analyte RT: 7.86598 ISTD RT: 7.3106	E:\Shark Tank\RawData\Group6_072121\Group6_072121	UC_474_760_3096_final.xlsx	3096Raw	0	Y
UCCC spike	2021-07-16	((2,2,3,3-Tetrafluoropropoxy)methyl)oxirane	DTXSID70880230	3096	CC	1	2021-07-16	0	10	MFOET	1	35542	NA	0	GCMS	Agilent 8890 GC w 7010 triple quadrupole	Analyte RT: 7.87468 ISTD RT: 7.3106	E:\Shark Tank\RawData\Group6_072121\Group6_072121	UC_474_760_3096_final.xlsx	3096Raw	0	Y
UCCC spike	2021-07-16	((2,2,3,3-Tetrafluoropropoxy)methyl)oxirane	DTXSID70880230	3096	CC	1	2021-07-16	0	10	MFOET	1	36565.3	NA	0	GCMS	Agilent 8890 GC w 7010 triple quadrupole	Analyte RT: 7.87468 ISTD RT: 7.3174	E:\Shark Tank\RawData\Group6_072121\Group6_072121	UC_474_760_3096_final.xlsx	3096Raw	0	Y
UCCC spike	2021-07-16	((2,2,3,3-Tetrafluoropropoxy)methyl)oxirane	DTXSID70880230	3096	CC	1	2021-07-16	0	10	MFOET	1	37770.5	NA	0	GCMS	Agilent 8890 GC w 7010 triple quadrupole	Analyte RT: 7.87468 ISTD RT: 7.3174	E:\Shark Tank\RawData\Group6_072121\Group6_072121	UC_474_760_3096_final.xlsx	3096Raw	0	Y
UCCC15	2021-07-16	((2,2,3,3-Tetrafluoropropoxy)methyl)oxirane	DTXSID70880230	3096	CC	1	2021-07-16	5	10	MFOET	1	26521.3	NA	520458	GCMS	Agilent 8890 GC w 7010 triple quadrupole	Analyte RT: 7.87903 ISTD RT: 7.30722	E:\Shark Tank\RawData\Group6_072121\Group6_072121	UC_474_760_3096_final.xlsx	3096Raw	19.62	Y
UCCC15	2021-07-16	((2,2,3,3-Tetrafluoropropoxy)methyl)oxirane	DTXSID70880230	3096	CC	1	2021-07-16	5	10	MFOET	1	26765.5	NA	520863	GCMS	Agilent 8890 GC w 7010 triple quadrupole	Analyte RT: 7.87903 ISTD RT: 7.30722	E:\Shark Tank\RawData\Group6_072121\Group6_072121	UC_474_760_3096_final.xlsx	3096Raw	19.46	Y
UCCC15	2021-07-16	((2,2,3,3-Tetrafluoropropoxy)methyl)oxirane	DTXSID70880230	3096	CC	1	2021-07-16	5	10	MFOET	1	26788.8	NA	493070	GCMS	Agilent 8890 GC w 7010 triple quadrupole	Analyte RT: 7.87468 ISTD RT: 7.30722	E:\Shark Tank\RawData\Group6_072121\Group6_072121	UC_474_760_3096_final.xlsx	3096Raw	18.41	Y
UCCC6	2021-07-16	((2,2,3,3-Tetrafluoropropoxy)methyl)oxirane	DTXSID70880230	3096	CC	1	2021-07-16	0.08	10	MFOET	1	32875.9	NA	10372	GCMS	Agilent 8890 GC w 7010 triple quadrupole	Analyte RT: 7.87468 ISTD RT: 7.3106	E:\Shark Tank\RawData\Group6_072121\Group6_072121	UC_474_760_3096_final.xlsx	3096Raw	0.3155	Y
UCG6QCCC8	2021-07-16	((2,2,3,3-Tetrafluoropropoxy)methyl)oxirane	DTXSID70880230	3096	CC	1	2021-07-16	0.2	10	MFOET	1	37219.5	NA	2253.51	GCMS	Agilent 8890 GC w 7010 triple quadrupole	Analyte RT: 7.87033 ISTD RT: 7.3106	E:\Shark Tank\RawData\Group6_072121\Group6_072121	UC_474_760_3096_final.xlsx	3096Raw	0.06055	Y
UCG6QCCC11	2021-07-16	((2,2,3,3-Tetrafluoropropoxy)methyl)oxirane	DTXSID70880230	3096	CC	1	2021-07-16	0.8	10	MFOET	1	37360.8	NA	9117.27	GCMS	Agilent 8890 GC w 7010 triple quadrupole	Analyte RT: 7.87468 ISTD RT: 7.3106	E:\Shark Tank\RawData\Group6_072121\Group6_072121	UC_474_760_3096_final.xlsx	3096Raw	0.244	Y
UCCC10	2021-07-16	((2,2,3,3-Tetrafluoropropoxy)methyl)oxirane	DTXSID70880230	3096	CC	1	2021-07-16	0.5	10	MFOET	1	31796.7	NA	52287.8	GCMS	Agilent 8890 GC w 7010 triple quadrupole	Analyte RT: 7.87468 ISTD RT: 7.3174	E:\Shark Tank\RawData\Group6_072121\Group6_072121	UC_474_760_3096_final.xlsx	3096Raw	1.644	Y
UCCC9	2021-07-16	((2,2,3,3-Tetrafluoropropoxy)methyl)oxirane	DTXSID70880230	3096	CC	1	2021-07-16	0.35	10	MFOET	1	33188.2	NA	37181.4	GCMS	Agilent 8890 GC w 7010 triple quadrupole	Analyte RT: 7.87468 ISTD RT: 7.3174	E:\Shark Tank\RawData\Group6_072121\Group6_072121	UC_474_760_3096_final.xlsx	3096Raw	1.12	Y
UCG6QCCC8	2021-07-16	((2,2,3,3-Tetrafluoropropoxy)methyl)oxirane	DTXSID70880230	3096	CC	1	2021-07-16	0.2	10	MFOET	1	34928.3	NA	2177	GCMS	Agilent 8890 GC w 7010 triple quadrupole	Analyte RT: 7.87033 ISTD RT: 7.3174	E:\Shark Tank\RawData\Group6_072121\Group6_072121	UC_474_760_3096_final.xlsx	3096Raw	0.06233	Y
UCCC7	2021-07-16	((2,2,3,3-Tetrafluoropropoxy)methyl)oxirane	DTXSID70880230	3096	CC	1	2021-07-16	0.125	10	MFOET	1	32045.6	NA	14729.2	GCMS	Agilent 8890 GC w 7010 triple quadrupole	Analyte RT: 7.87903 ISTD RT: 7.33097	E:\Shark Tank\RawData\Group6_072121\Group6_072121	UC_474_760_3096_final.xlsx	3096Raw	0.4596	Y
UCG6 7/19 S3 AFa	2021-07-16	((2,2,3,3-Tetrafluoropropoxy)methyl)oxirane	DTXSID70880230	3096	AF	2	2021-07-16	NA	10	MFOET	1	28473.4	3	11280.7	GCMS	Agilent 8890 GC w 7010 triple quadrupole	Analyte RT: 7.87468 ISTD RT: 7.314	E:\Shark Tank\RawData\Group6_072121\Group6_072121	UC_474_760_3096_final.xlsx	3096Raw	0.3962	Y
UCG6 7/19 S3 AFb	2021-07-16	((2,2,3,3-Tetrafluoropropoxy)methyl)oxirane	DTXSID70880230	3096	AF	2	2021-07-16	NA	10	MFOET	1	28290.8	3	13085.9	GCMS	Agilent 8890 GC w 7010 triple quadrupole	Analyte RT: 7.87468 ISTD RT: 7.314	E:\Shark Tank\RawData\Group6_072121\Group6_072121	UC_474_760_3096_final.xlsx	3096Raw	0.4625	Y
UCG6 7/19 S3 AFc	2021-07-16	((2,2,3,3-Tetrafluoropropoxy)methyl)oxirane	DTXSID70880230	3096	AF	2	2021-07-16	NA	10	MFOET	1	28868.6	3	11118.3	GCMS	Agilent 8890 GC w 7010 triple quadrupole	Analyte RT: 7.87903 ISTD RT: 7.3174	E:\Shark Tank\RawData\Group6_072121\Group6_072121	UC_474_760_3096_final.xlsx	3096Raw	0.3851	Y
UCG6 7/19 S2 T1a	2021-07-16	((2,2,3,3-Tetrafluoropropoxy)methyl)oxirane	DTXSID70880230	3096	T1	10	2021-07-16	NA	10	MFOET	1	28664.8	2	55286.3	GCMS	Agilent 8890 GC w 7010 triple quadrupole	Analyte RT: 7.87468 ISTD RT: 7.32078	E:\Shark Tank\RawData\Group6_072121\Group6_072121	UC_474_760_3096_final.xlsx	3096Raw	1.929	Y
UCG6 7/19 S2 T1b	2021-07-16	((2,2,3,3-Tetrafluoropropoxy)methyl)oxirane	DTXSID70880230	3096	T1	10	2021-07-16	NA	10	MFOET	1	19052.2	2	66876.8	GCMS	Agilent 8890 GC w 7010 triple quadrupole	Analyte RT: 7.87468 ISTD RT: 7.3174	E:\Shark Tank\RawData\Group6_072121\Group6_072121	UC_474_760_3096_final.xlsx	3096Raw	3.51	Y
UCG6 7/19 S2 T1c	2021-07-16	((2,2,3,3-Tetrafluoropropoxy)methyl)oxirane	DTXSID70880230	3096	T1	10	2021-07-16	NA	10	MFOET	1	27339.6	2	55771.9	GCMS	Agilent 8890 GC w 7010 triple quadrupole	Analyte RT: 7.87903 ISTD RT: 7.3174	E:\Shark Tank\RawData\Group6_072121\Group6_072121	UC_474_760_3096_final.xlsx	3096Raw	2.04	Y
UCG6 7/19 S2 T5a	2021-07-16	((2,2,3,3-Tetrafluoropropoxy)methyl)oxirane	DTXSID70880230	3096	T5	10	2021-07-16	NA	10	MFOET	1	28999.7	2	38659.4	GCMS	Agilent 8890 GC w 7010 triple quadrupole	Analyte RT: 7.87903 ISTD RT: 7.3106	E:\Shark Tank\RawData\Group6_072121\Group6_072121	UC_474_760_3096_final.xlsx	3096Raw	1.333	Y
UCG6 7/19 S2 T5b	2021-07-16	((2,2,3,3-Tetrafluoropropoxy)methyl)oxirane	DTXSID70880230	3096	T5	10	2021-07-16	NA	10	MFOET	1	28542.3	2	45085	GCMS	Agilent 8890 GC w 7010 triple quadrupole	Analyte RT: 7.87468 ISTD RT: 7.314	E:\Shark Tank\RawData\Group6_072121\Group6_072121	UC_474_760_3096_final.xlsx	3096Raw	1.58	Y
UCG6 7/19 S2 T5c	2021-07-16	((2,2,3,3-Tetrafluoropropoxy)methyl)oxirane	DTXSID70880230	3096	T5	10	2021-07-16	NA	10	MFOET	1	28513.5	2	41969.1	GCMS	Agilent 8890 GC w 7010 triple quadrupole	Analyte RT: 7.87468 ISTD RT: 7.3106	E:\Shark Tank\RawData\Group6_072121\Group6_072121	UC_474_760_3096_final.xlsx	3096Raw	1.472	Y
UCG6 7/19 S2 AFa	2021-07-16	((2,2,3,3-Tetrafluoropropoxy)methyl)oxirane	DTXSID70880230	3096	AF	2	2021-07-16	NA	10	MFOET	1	29325.2	2	196109	GCMS	Agilent 8890 GC w 7010 triple quadrupole	Analyte RT: 7.87468 ISTD RT: 7.314	E:\Shark Tank\RawData\Group6_072121\Group6_072121	UC_474_760_3096_final.xlsx	3096Raw	6.687	Y
UCG6 7/19 S2 AFb	2021-07-16	((2,2,3,3-Tetrafluoropropoxy)methyl)oxirane	DTXSID70880230	3096	AF	2	2021-07-16	NA	10	MFOET	1	31032.6	2	158503	GCMS	Agilent 8890 GC w 7010 triple quadrupole	Analyte RT: 7.87903 ISTD RT: 7.3174	E:\Shark Tank\RawData\Group6_072121\Group6_072121	UC_474_760_3096_final.xlsx	3096Raw	5.108	Y
UCG6 7/19 S2 AFc	2021-07-16	((2,2,3,3-Tetrafluoropropoxy)methyl)oxirane	DTXSID70880230	3096	AF	2	2021-07-16	NA	10	MFOET	1	29571.5	2	145250	GCMS	Agilent 8890 GC w 7010 triple quadrupole	Analyte RT: 7.87468 ISTD RT: 7.32418	E:\Shark Tank\RawData\Group6_072121\Group6_072121	UC_474_760_3096_final.xlsx	3096Raw	4.912	Y
UCG6 7/19 S1 AFa	2021-07-16	((2,2,3,3-Tetrafluoropropoxy)methyl)oxirane	DTXSID70880230	3096	AF	2	2021-07-16	NA	10	MFOET	1	30277.8	1	9055.02	GCMS	Agilent 8890 GC w 7010 triple quadrupole	Analyte RT: 7.87903 ISTD RT: 7.32078	E:\Shark Tank\RawData\Group6_072121\Group6_072121	UC_474_760_3096_final.xlsx	3096Raw	0.2991	Y
UCG6 7/19 S1 AFb	2021-07-16	((2,2,3,3-Tetrafluoropropoxy)methyl)oxirane	DTXSID70880230	3096	AF	2	2021-07-16	NA	10	MFOET	1	30871	1	8093.1	GCMS	Agilent 8890 GC w 7010 triple quadrupole	Analyte RT: 7.87468 ISTD RT: 7.32418	E:\Shark Tank\RawData\Group6_072121\Group6_072121	UC_474_760_3096_final.xlsx	3096Raw	0.2622	Y
UCG6 7/19 S1 AFc	2021-07-16	((2,2,3,3-Tetrafluoropropoxy)methyl)oxirane	DTXSID70880230	3096	AF	2	2021-07-16	NA	10	MFOET	1	31272.4	1	14613.4	GCMS	Agilent 8890 GC w 7010 triple quadrupole	Analyte RT: 7.87903 ISTD RT: 7.32418	E:\Shark Tank\RawData\Group6_072121\Group6_072121	UC_474_760_3096_final.xlsx	3096Raw	0.4673	Y
UCG6 7/19 S2 T1a	2021-07-16	((2,2,3,3-Tetrafluoropropoxy)methyl)oxirane	DTXSID70880230	3096	T1	10	2021-07-16	NA	10	MFOET	1	28664.8	2	55286.3	GCMS	Agilent 8890 GC w 7010 triple quadrupole	Analyte RT: 7.87468 ISTD RT: 7.32078	E:\Shark Tank\RawData\Group6_072121\Group6_072121	UC_474_760_3096_final.xlsx	3096Raw	1.929	Y
UCG6 7/19 S2 T1b	2021-07-16	((2,2,3,3-Tetrafluoropropoxy)methyl)oxirane	DTXSID70880230	3096	T1	10	2021-07-16	NA	10	MFOET	1	19052.2	2	66876.8	GCMS	Agilent 8890 GC w 7010 triple quadrupole	Analyte RT: 7.87468 ISTD RT: 7.3174	E:\Shark Tank\RawData\Group6_072121\Group6_072121	UC_474_760_3096_final.xlsx	3096Raw	3.51	Y
UCG6 7/19 S2 T1c	2021-07-16	((2,2,3,3-Tetrafluoropropoxy)methyl)oxirane	DTXSID70880230	3096	T1	10	2021-07-16	NA	10	MFOET	1	27339.6	2	55771.9	GCMS	Agilent 8890 GC w 7010 triple quadrupole	Analyte RT: 7.87903 ISTD RT: 7.3174	E:\Shark Tank\RawData\Group6_072121\Group6_072121	UC_474_760_3096_final.xlsx	3096Raw	2.04	Y
UCG6 7/19 S2 T5a	2021-07-16	((2,2,3,3-Tetrafluoropropoxy)methyl)oxirane	DTXSID70880230	3096	T5	10	2021-07-16	NA	10	MFOET	1	28999.7	2	38659.4	GCMS	Agilent 8890 GC w 7010 triple quadrupole	Analyte RT: 7.87903 ISTD RT: 7.3106	E:\Shark Tank\RawData\Group6_072121\Group6_072121	UC_474_760_3096_final.xlsx	3096Raw	1.333	Y
UCG6 7/19 S2 T5b	2021-07-16	((2,2,3,3-Tetrafluoropropoxy)methyl)oxirane	DTXSID70880230	3096	T5	10	2021-07-16	NA	10	MFOET	1	28542.3	2	45085	GCMS	Agilent 8890 GC w 7010 triple quadrupole	Analyte RT: 7.87468 ISTD RT: 7.314	E:\Shark Tank\RawData\Group6_072121\Group6_072121	UC_474_760_3096_final.xlsx	3096Raw	1.58	Y
UCG6 7/19 S2 T5c	2021-07-16	((2,2,3,3-Tetrafluoropropoxy)methyl)oxirane	DTXSID70880230	3096	T5	10	2021-07-16	NA	10	MFOET	1	28513.5	2	41969.1	GCMS	Agilent 8890 GC w 7010 triple quadrupole	Analyte RT: 7.87468 ISTD RT: 7.3106	E:\Shark Tank\RawData\Group6_072121\Group6_072121	UC_474_760_3096_final.xlsx	3096Raw	1.472	Y
UCG6 7/19 S2 AFa	2021-07-16	((2,2,3,3-Tetrafluoropropoxy)methyl)oxirane	DTXSID70880230	3096	AF	2	2021-07-16	NA	10	MFOET	1	29325.2	2	196109	GCMS	Agilent 8890 GC w 7010 triple quadrupole	Analyte RT: 7.87468 ISTD RT: 7.314	E:\Shark Tank\RawData\Group6_072121\Group6_072121	UC_474_760_3096_final.xlsx	3096Raw	6.687	Y
UCG6 7/19 S2 AFb	2021-07-16	((2,2,3,3-Tetrafluoropropoxy)methyl)oxirane	DTXSID70880230	3096	AF	2	2021-07-16	NA	10	MFOET	1	31032.6	2	158503	GCMS	Agilent 8890 GC w 7010 triple quadrupole	Analyte RT: 7.87903 ISTD RT: 7.3174	E:\Shark Tank\RawData\Group6_072121\Group6_072121	UC_474_760_3096_final.xlsx	3096Raw	5.108	Y
UCG6 7/19 S2 AFc	2021-07-16	((2,2,3,3-Tetrafluoropropoxy)methyl)oxirane	DTXSID70880230	3096	AF	2	2021-07-16	NA	10	MFOET	1	29571.5	2	145250	GCMS	Agilent 8890 GC w 7010 triple quadrupole	Analyte RT: 7.87468 ISTD RT: 7.32418	E:\Shark Tank\RawData\Group6_072121\Group6_072121	UC_474_760_3096_final.xlsx	3096Raw	4.912	Y
UCG6 7/19 S1 AFa	2021-07-16	((2,2,3,3-Tetrafluoropropoxy)methyl)oxirane	DTXSID70880230	3096	AF	2	2021-07-16	NA	10	MFOET	1	30277.8	1	9055.02	GCMS	Agilent 8890 GC w 7010 triple quadrupole	Analyte RT: 7.87903 ISTD RT: 7.32078	E:\Shark Tank\RawData\Group6_072121\Group6_072121	UC_474_760_3096_final.xlsx	3096Raw	0.2991	Y
UCG6 7/19 S1 AFb	2021-07-16	((2,2,3,3-Tetrafluoropropoxy)methyl)oxirane	DTXSID70880230	3096	AF	2	2021-07-16	NA	10	MFOET	1	30871	1	8093.1	GCMS	Agilent 8890 GC w 7010 triple quadrupole	Analyte RT: 7.87468 ISTD RT: 7.32418	E:\Shark Tank\RawData\Group6_072121\Group6_072121	UC_474_760_3096_final.xlsx	3096Raw	0.2622	Y
UCG6 7/19 S1 AFc	2021-07-16	((2,2,3,3-Tetrafluoropropoxy)methyl)oxirane	DTXSID70880230	3096	AF	2	2021-07-16	NA	10	MFOET	1	31272.4	1	14613.4	GCMS	Agilent 8890 GC w 7010 triple quadrupole	Analyte RT: 7.87903 ISTD RT: 7.32418	E:\Shark Tank\RawData\Group6_072121\Group6_072121	UC_474_760_3096_final.xlsx	3096Raw	0.4673	Y
UCG6 7/19 S2 T1a	2021-07-16	((2,2,3,3-Tetrafluoropropoxy)methyl)oxirane	DTXSID70880230	3096	T1	10	2021-07-16	NA	10	MFOET	1	28664.8	2	55286.3	GCMS	Agilent 8890 GC w 7010 triple quadrupole	Analyte RT: 7.87468 ISTD RT: 7.32078	E:\Shark Tank\RawData\Group6_072121\Group6_072121	UC_474_760_3096_final.xlsx	3096Raw	1.929	Y
UCG6 7/19 S2 T1b	2021-07-16	((2,2,3,3-Tetrafluoropropoxy)methyl)oxirane	DTXSID70880230	3096	T1	10	2021-07-16	NA	10	MFOET	1	19052.2	2	66876.8	GCMS	Agilent 8890 GC w 7010 triple quadrupole	Analyte RT: 7.87468 ISTD RT: 7.3174	E:\Shark Tank\RawData\Group6_072121\Group6_072121	UC_474_760_3096_final.xlsx	3096Raw	3.51	Y
UCG6 7/19 S2 T1c	2021-07-16	((2,2,3,3-Tetrafluoropropoxy)methyl)oxirane	DTXSID70880230	3096	T1	10	2021-07-16	NA	10	MFOET	1	27339.6	2	55771.9	GCMS	Agilent 8890 GC w 7010 triple quadrupole	Analyte RT: 7.87903 ISTD RT: 7.3174	E:\Shark Tank\RawData\Group6_072121\Group6_072121	UC_474_760_3096_final.xlsx	3096Raw	2.04	Y
UCG6 7/19 S2 T5a	2021-07-16	((2,2,3,3-Tetrafluoropropoxy)methyl)oxirane	DTXSID70880230	3096	T5	10	2021-07-16	NA	10	MFOET	1	28999.7	2	38659.4	GCMS	Agilent 8890 GC w 7010 triple quadrupole	Analyte RT: 7.87903 ISTD RT: 7.3106	E:\Shark Tank\RawData\Group6_072121\Group6_072121	UC_474_760_3096_final.xlsx	3096Raw	1.333	Y
UCG6 7/19 S2 T5b	2021-07-16	((2,2,3,3-Tetrafluoropropoxy)methyl)oxirane	DTXSID70880230	3096	T5	10	2021-07-16	NA	10	MFOET	1	28542.3	2	45085	GCMS	Agilent 8890 GC w 7010 triple quadrupole	Analyte RT: 7.87468 ISTD RT: 7.314	E:\Shark Tank\RawData\Group6_072121\Group6_072121	UC_474_760_3096_final.xlsx	3096Raw	1.58	Y
UCG6 7/19 S2 T5c	2021-07-16	((2,2,3,3-Tetrafluoropropoxy)methyl)oxirane	DTXSID70880230	3096	T5	10	2021-07-16	NA	10	MFOET	1	28513.5	2	41969.1	GCMS	Agilent 8890 GC w 7010 triple quadrupole	Analyte RT: 7.87468 ISTD RT: 7.3106	E:\Shark Tank\RawData\Group6_072121\Group6_072121	UC_474_760_3096_final.xlsx	3096Raw	1.472	Y
UCG6 7/19 S2 AFa	2021-07-16	((2,2,3,3-Tetrafluoropropoxy)methyl)oxirane	DTXSID70880230	3096	AF	2	2021-07-16	NA	10	MFOET	1	29325.2	2	196109	GCMS	Agilent 8890 GC w 7010 triple quadrupole	Analyte RT: 7.87468 ISTD RT: 7.314	E:\Shark Tank\RawData\Group6_072121\Group6_072121	UC_474_760_3096_final.xlsx	3096Raw	6.687	Y
UCG6 7/19 S2 AFb	2021-07-16	((2,2,3,3-Tetrafluoropropoxy)methyl)oxirane	DTXSID70880230	3096	AF	2	2021-07-16	NA	10	MFOET	1	31032.6	2	158503	GCMS	Agilent 8890 GC w 7010 triple quadrupole	Analyte RT: 7.87903 ISTD RT: 7.3174	E:\Shark Tank\RawData\Group6_072121\Group6_072121	UC_474_760_3096_final.xlsx	3096Raw	5.108	Y
UCG6 7/19 S2 AFc	2021-07-16	((2,2,3,3-Tetrafluoropropoxy)methyl)oxirane	DTXSID70880230	3096	AF	2	2021-07-16	NA	10	MFOET	1	29571.5	2	145250	GCMS	Agilent 8890 GC w 7010 triple quadrupole	Analyte RT: 7.87468 ISTD RT: 7.32418	E:\Shark Tank\RawData\Group6_072121\Group6_072121	UC_474_760_3096_final.xlsx	3096Raw	4.912	Y
UCG3 CCa1	2020-09-23	Bis(1H,1H-perfluoropropyl)amine	DTXSID50381992	959	CC	1	2020-09-23	0.007	10	MFHET	1	51285.6	NA	0	GCMS	Agilent 8890 GC w 7010 triple quadrupole	Analyte RT: 6.5451 ISTD RT: 6.3745	7010_1_10132004.D	UC_959_949_final-ak.xlsx	RawData	0	Y
UCG3 CCa2	2020-09-23	Bis(1H,1H-perfluoropropyl)amine	DTXSID50381992	959	CC	1	2020-09-23	0.012	10	MFHET	1	41937	NA	32.4611	GCMS	Agilent 8890 GC w 7010 triple quadrupole	Analyte RT: 6.5281 ISTD RT: 6.3787	7010_1_10132005.D	UC_959_949_final-ak.xlsx	RawData	0.000774	Y
UCG3 CCa3	2020-09-23	Bis(1H,1H-perfluoropropyl)amine	DTXSID50381992	959	CC	1	2020-09-23	0.02	10	MFHET	1	41990.2	NA	0	GCMS	Agilent 8890 GC w 7010 triple quadrupole	Analyte RT: 6.5493 ISTD RT: 6.3787	7010_1_10132006.D	UC_959_949_final-ak.xlsx	RawData	0	Y
UCG3 CCa4	2020-09-23	Bis(1H,1H-perfluoropropyl)amine	DTXSID50381992	959	CC	1	2020-09-23	0.03	10	MFHET	1	49509.4	NA	0	GCMS	Agilent 8890 GC w 7010 triple quadrupole	Analyte RT: 6.5451 ISTD RT: 6.3787	7010_1_10132007.D	UC_959_949_final-ak.xlsx	RawData	0	Y
UCG3 CCa5	2020-09-23	Bis(1H,1H-perfluoropropyl)amine	DTXSID50381992	959	CC	1	2020-09-23	0.05	10	MFHET	1	46960.3	NA	124.894	GCMS	Agilent 8890 GC w 7010 triple quadrupole	Analyte RT: 6.5281 ISTD RT: 6.3745	7010_1_10132008.D	UC_959_949_final-ak.xlsx	RawData	0.00266	Y
UCG3 CCa6	2020-09-23	Bis(1H,1H-perfluoropropyl)amine	DTXSID50381992	959	CC	1	2020-09-23	0.08	10	MFHET	1	40033.4	NA	238.425	GCMS	Agilent 8890 GC w 7010 triple quadrupole	Analyte RT: 6.5493 ISTD RT: 6.3872	7010_1_10132009.D	UC_959_949_final-ak.xlsx	RawData	0.005956	Y
UCG3 CCa7	2020-09-23	Bis(1H,1H-perfluoropropyl)amine	DTXSID50381992	959	CC	1	2020-09-23	0.125	10	MFHET	1	39953.5	NA	416.678	GCMS	Agilent 8890 GC w 7010 triple quadrupole	Analyte RT: 6.5408 ISTD RT: 6.3957	7010_1_10132010.D	UC_959_949_final-ak.xlsx	RawData	0.01043	Y
UCG3 CCa8	2020-09-23	Bis(1H,1H-perfluoropropyl)amine	DTXSID50381992	959	CC	1	2020-09-23	0.2	10	MFHET	1	43611.7	NA	563.76	GCMS	Agilent 8890 GC w 7010 triple quadrupole	Analyte RT: 6.5408 ISTD RT: 6.3915	7010_1_10132011.D	UC_959_949_final-ak.xlsx	RawData	0.01293	Y
UCG3 CCa9	2020-09-23	Bis(1H,1H-perfluoropropyl)amine	DTXSID50381992	959	CC	1	2020-09-23	0.35	10	MFHET	1	36955.3	NA	749.8	GCMS	Agilent 8890 GC w 7010 triple quadrupole	Analyte RT: 6.5408 ISTD RT: 6.3872	7010_1_10132012.D	UC_959_949_final-ak.xlsx	RawData	0.02029	Y
UCG3 CCa10	2020-09-23	Bis(1H,1H-perfluoropropyl)amine	DTXSID50381992	959	CC	1	2020-09-23	0.5	10	MFHET	1	32474.2	NA	1168.62	GCMS	Agilent 8890 GC w 7010 triple quadrupole	Analyte RT: 6.5366 ISTD RT: 6.3915	7010_1_10132013.D	UC_959_949_final-ak.xlsx	RawData	0.03599	Y
UCG3 CCa11	2020-09-23	Bis(1H,1H-perfluoropropyl)amine	DTXSID50381992	959	CC	1	2020-09-23	0.8	10	MFHET	1	32530.4	NA	1374.11	GCMS	Agilent 8890 GC w 7010 triple quadrupole	Analyte RT: 6.5451 ISTD RT: 6.3957	7010_1_10132014.D	UC_959_949_final-ak.xlsx	RawData	0.04224	Y
UCG3 CCa12	2020-09-23	Bis(1H,1H-perfluoropropyl)amine	DTXSID50381992	959	CC	1	2020-09-23	1.5	10	MFHET	1	34738.3	NA	4125.13	GCMS	Agilent 8890 GC w 7010 triple quadrupole	Analyte RT: 6.5408 ISTD RT: 6.3915	7010_1_10132015.D	UC_959_949_final-ak.xlsx	RawData	0.1187	Y
UCG3 CCa13	2020-09-23	Bis(1H,1H-perfluoropropyl)amine	DTXSID50381992	959	CC	1	2020-09-23	2.5	10	MFHET	1	33815.6	NA	4711.39	GCMS	Agilent 8890 GC w 7010 triple quadrupole	Analyte RT: 6.5408 ISTD RT: 6.3957	7010_1_10132016.D	UC_959_949_final-ak.xlsx	RawData	0.1393	Y
UCG3 CCa14	2020-09-23	Bis(1H,1H-perfluoropropyl)amine	DTXSID50381992	959	CC	1	2020-09-23	3.5	10	MFHET	1	35456.4	NA	10975.4	GCMS	Agilent 8890 GC w 7010 triple quadrupole	Analyte RT: 6.5493 ISTD RT: 6.4	7010_1_10132017.D	UC_959_949_final-ak.xlsx	RawData	0.3095	Y
UCG3 CCa15	2020-09-23	Bis(1H,1H-perfluoropropyl)amine	DTXSID50381992	959	CC	1	2020-09-23	5	10	MFHET	1	33178	NA	16200.4	GCMS	Agilent 8890 GC w 7010 triple quadrupole	Analyte RT: 6.5408 ISTD RT: 6.3914	7010_1_10132018.D	UC_959_949_final-ak.xlsx	RawData	0.4883	Y
Spiked MM	2020-09-23	Bis(1H,1H-perfluoropropyl)amine	DTXSID50381992	959	CC	1	2020-09-23	0	10	MFHET	1	38409.1	NA	0	GCMS	Agilent 8890 GC w 7010 triple quadrupole	Analyte RT: 6.6301 ISTD RT: 6.3787	7010_1_10132002.D	UC_959_949_final-ak.xlsx	RawData	0	Y
Spiked MM	2020-09-23	Bis(1H,1H-perfluoropropyl)amine	DTXSID50381992	959	CC	1	2020-09-23	0	10	MFHET	1	38379.5	NA	0	GCMS	Agilent 8890 GC w 7010 triple quadrupole	Analyte RT: 6.5451 ISTD RT: 6.3787	7010_1_10132003.D	UC_959_949_final-ak.xlsx	RawData	0	Y
Spiked MM	2020-09-23	Bis(1H,1H-perfluoropropyl)amine	DTXSID50381992	959	CC	1	2020-09-23	0	10	MFHET	1	38542.3	NA	0	GCMS	Agilent 8890 GC w 7010 triple quadrupole	Analyte RT: 6.5154 ISTD RT: 6.3787	7010_1_10132019.D	UC_959_949_final-ak.xlsx	RawData	0	Y
Spiked MM	2020-09-23	Bis(1H,1H-perfluoropropyl)amine	DTXSID50381992	959	CC	1	2020-09-23	0	10	MFHET	1	39208.3	NA	0	GCMS	Agilent 8890 GC w 7010 triple quadrupole	Analyte RT: 6.4813 ISTD RT: 6.383	7010_1_10132028.D	UC_959_949_final-ak.xlsx	RawData	0	Y
Spiked MM	2020-09-23	Bis(1H,1H-perfluoropropyl)amine	DTXSID50381992	959	CC	1	2020-09-23	0	10	MFHET	1	39196.8	NA	0	GCMS	Agilent 8890 GC w 7010 triple quadrupole	Analyte RT: 6.4431 ISTD RT: 6.3914	7010_1_10132046.D	UC_959_949_final-ak.xlsx	RawData	0	Y
UCG3 QC CCa4	2020-09-23	Bis(1H,1H-perfluoropropyl)amine	DTXSID50381992	959	CC	1	2020-09-23	0.03	10	MFHET	1	34616.5	NA	69.2305	GCMS	Agilent 8890 GC w 7010 triple quadrupole	Analyte RT: 6.5366 ISTD RT: 6.3872	7010_1_10132020.D	UC_959_949_final-ak.xlsx	RawData	0.002	Y
UCG3 CCa7	2020-09-23	Bis(1H,1H-perfluoropropyl)amine	DTXSID50381992	959	CC	1	2020-09-23	0.125	10	MFHET	1	37876.7	NA	330.931	GCMS	Agilent 8890 GC w 7010 triple quadrupole	Analyte RT: 6.5493 ISTD RT: 6.4	7010_1_10132031.D	UC_959_949_final-ak.xlsx	RawData	0.008737	Y
UCG3 QC CCa8	2020-09-23	Bis(1H,1H-perfluoropropyl)amine	DTXSID50381992	959	CC	1	2020-09-23	0.2	10	MFHET	1	37111.7	NA	490.289	GCMS	Agilent 8890 GC w 7010 triple quadrupole	Analyte RT: 6.5366 ISTD RT: 6.3915	7010_1_10132035.D	UC_959_949_final-ak.xlsx	RawData	0.01321	Y
UCG3 CCa5	2020-09-23	Bis(1H,1H-perfluoropropyl)amine	DTXSID50381992	959	CC	1	2020-09-23	0.05	10	MFHET	1	55494	NA	146.117	GCMS	Agilent 8890 GC w 7010 triple quadrupole	Analyte RT: 6.5323 ISTD RT: 6.3872	7010_1_10132038.D	UC_959_949_final-ak.xlsx	RawData	0.002633	Y
UCG3 QC CCa11	2020-09-23	Bis(1H,1H-perfluoropropyl)amine	DTXSID50381992	959	CC	1	2020-09-23	0.8	10	MFHET	1	34281.1	NA	2282.34	GCMS	Agilent 8890 GC w 7010 triple quadrupole	Analyte RT: 6.5324 ISTD RT: 6.3872	7010_1_10132039.D	UC_959_949_final-ak.xlsx	RawData	0.06658	Y
UCG3 CCa13	2020-09-23	Bis(1H,1H-perfluoropropyl)amine	DTXSID50381992	959	CC	1	2020-09-23	2.5	10	MFHET	1	34109.2	NA	4828.81	GCMS	Agilent 8890 GC w 7010 triple quadrupole	Analyte RT: 6.5451 ISTD RT: 6.4	7010_1_10132045.D	UC_959_949_final-ak.xlsx	RawData	0.1416	Y
UCG3 AF S1A	2020-09-23	Bis(1H,1H-perfluoropropyl)amine	DTXSID50381992	959	AF	2	2020-09-23	NA	10	MFHET	1	41455.8	1	0	GCMS	Agilent 8890 GC w 7010 triple quadrupole	Analyte RT: 6.5366 ISTD RT: 6.3915	7010_1_10132027.D	UC_959_949_final-ak.xlsx	RawData	0	Y
UCG3 AF S1B	2020-09-23	Bis(1H,1H-perfluoropropyl)amine	DTXSID50381992	959	AF	2	2020-09-23	NA	10	MFHET	1	34916.4	1	0	GCMS	Agilent 8890 GC w 7010 triple quadrupole	Analyte RT: 6.5451 ISTD RT: 6.3957	7010_1_10132029.D	UC_959_949_final-ak.xlsx	RawData	0	Y
UCG3 AF S1C	2020-09-23	Bis(1H,1H-perfluoropropyl)amine	DTXSID50381992	959	AF	2	2020-09-23	NA	10	MFHET	1	36203.5	1	0	GCMS	Agilent 8890 GC w 7010 triple quadrupole	Analyte RT: 6.239 ISTD RT: 6.3957	7010_1_10132030.D	UC_959_949_final-ak.xlsx	RawData	0	Y
UCG3 T1 S2A	2020-09-23	Bis(1H,1H-perfluoropropyl)amine	DTXSID50381992	959	T1	10	2020-09-23	NA	10	MFHET	1	37104.1	2	3544.84	GCMS	Agilent 8890 GC w 7010 triple quadrupole	Analyte RT: 6.5408 ISTD RT: 6.3957	7010_1_10132032.D	UC_959_949_final-ak.xlsx	RawData	0.09554	Y
UCG3 T1 S2B	2020-09-23	Bis(1H,1H-perfluoropropyl)amine	DTXSID50381992	959	T1	10	2020-09-23	NA	10	MFHET	1	36394	2	2972.97	GCMS	Agilent 8890 GC w 7010 triple quadrupole	Analyte RT: 6.5451 ISTD RT: 6.4	7010_1_10132033.D	UC_959_949_final-ak.xlsx	RawData	0.08169	Y
UCG3 T1 S2C	2020-09-23	Bis(1H,1H-perfluoropropyl)amine	DTXSID50381992	959	T1	10	2020-09-23	NA	10	MFHET	1	35637.1	2	3517.67	GCMS	Agilent 8890 GC w 7010 triple quadrupole	Analyte RT: 6.5451 ISTD RT: 6.3999	7010_1_10132034.D	UC_959_949_final-ak.xlsx	RawData	0.09871	Y
UCG3 T5 S2A	2020-09-23	Bis(1H,1H-perfluoropropyl)amine	DTXSID50381992	959	T5	10	2020-09-23	NA	10	MFHET	1	32300.8	2	2628.73	GCMS	Agilent 8890 GC w 7010 triple quadrupole	Analyte RT: 6.5451 ISTD RT: 6.3957	7010_1_10132036.D	UC_959_949_final-ak.xlsx	RawData	0.08138	Y
UCG3 T5 S2B	2020-09-23	Bis(1H,1H-perfluoropropyl)amine	DTXSID50381992	959	T5	10	2020-09-23	NA	10	MFHET	1	36398.1	2	2626.5	GCMS	Agilent 8890 GC w 7010 triple quadrupole	Analyte RT: 6.5451 ISTD RT: 6.3957	7010_1_10132040.D	UC_959_949_final-ak.xlsx	RawData	0.07216	Y
UCG3 T5 S2C	2020-09-23	Bis(1H,1H-perfluoropropyl)amine	DTXSID50381992	959	T5	10	2020-09-23	NA	10	MFHET	1	35844.8	2	2157.71	GCMS	Agilent 8890 GC w 7010 triple quadrupole	Analyte RT: 6.5408 ISTD RT: 6.3957	7010_1_10132041.D	UC_959_949_final-ak.xlsx	RawData	0.0602	Y
UCG3 AF S2A	2020-09-23	Bis(1H,1H-perfluoropropyl)amine	DTXSID50381992	959	AF	2	2020-09-23	NA	10	MFHET	1	32839.4	2	437.229	GCMS	Agilent 8890 GC w 7010 triple quadrupole	Analyte RT: 6.5451 ISTD RT: 6.3999	7010_1_10132042.D	UC_959_949_final-ak.xlsx	RawData	0.01331	Y
UCG3 AF S2B	2020-09-23	Bis(1H,1H-perfluoropropyl)amine	DTXSID50381992	959	AF	2	2020-09-23	NA	10	MFHET	1	35611.8	2	579.784	GCMS	Agilent 8890 GC w 7010 triple quadrupole	Analyte RT: 6.5451 ISTD RT: 6.3957	7010_1_10132043.D	UC_959_949_final-ak.xlsx	RawData	0.01628	Y
UCG3 AF S2C	2020-09-23	Bis(1H,1H-perfluoropropyl)amine	DTXSID50381992	959	AF	2	2020-09-23	NA	10	MFHET	1	34962.3	2	581.614	GCMS	Agilent 8890 GC w 7010 triple quadrupole	Analyte RT: 6.5451 ISTD RT: 6.3957	7010_1_10132044.D	UC_959_949_final-ak.xlsx	RawData	0.01664	Y
UCG3 T1 S2A	2020-09-23	Bis(1H,1H-perfluoropropyl)amine	DTXSID50381992	959	T1	10	2020-09-23	NA	10	MFHET	1	37104.1	2	3544.84	GCMS	Agilent 8890 GC w 7010 triple quadrupole	Analyte RT: 6.5408 ISTD RT: 6.3957	7010_1_10132032.D	UC_959_949_final-ak.xlsx	RawData	0.09554	Y
UCG3 T1 S2B	2020-09-23	Bis(1H,1H-perfluoropropyl)amine	DTXSID50381992	959	T1	10	2020-09-23	NA	10	MFHET	1	36394	2	2972.97	GCMS	Agilent 8890 GC w 7010 triple quadrupole	Analyte RT: 6.5451 ISTD RT: 6.4	7010_1_10132033.D	UC_959_949_final-ak.xlsx	RawData	0.08169	Y
UCG3 T1 S2C	2020-09-23	Bis(1H,1H-perfluoropropyl)amine	DTXSID50381992	959	T1	10	2020-09-23	NA	10	MFHET	1	35637.1	2	3517.67	GCMS	Agilent 8890 GC w 7010 triple quadrupole	Analyte RT: 6.5451 ISTD RT: 6.3999	7010_1_10132034.D	UC_959_949_final-ak.xlsx	RawData	0.09871	Y
UCG3 T5 S2A	2020-09-23	Bis(1H,1H-perfluoropropyl)amine	DTXSID50381992	959	T5	10	2020-09-23	NA	10	MFHET	1	32300.8	2	2628.73	GCMS	Agilent 8890 GC w 7010 triple quadrupole	Analyte RT: 6.5451 ISTD RT: 6.3957	7010_1_10132036.D	UC_959_949_final-ak.xlsx	RawData	0.08138	Y
UCG3 T5 S2B	2020-09-23	Bis(1H,1H-perfluoropropyl)amine	DTXSID50381992	959	T5	10	2020-09-23	NA	10	MFHET	1	36398.1	2	2626.5	GCMS	Agilent 8890 GC w 7010 triple quadrupole	Analyte RT: 6.5451 ISTD RT: 6.3957	7010_1_10132040.D	UC_959_949_final-ak.xlsx	RawData	0.07216	Y
UCG3 T5 S2C	2020-09-23	Bis(1H,1H-perfluoropropyl)amine	DTXSID50381992	959	T5	10	2020-09-23	NA	10	MFHET	1	35844.8	2	2157.71	GCMS	Agilent 8890 GC w 7010 triple quadrupole	Analyte RT: 6.5408 ISTD RT: 6.3957	7010_1_10132041.D	UC_959_949_final-ak.xlsx	RawData	0.0602	Y
UCG3 AF S2A	2020-09-23	Bis(1H,1H-perfluoropropyl)amine	DTXSID50381992	959	AF	2	2020-09-23	NA	10	MFHET	1	32839.4	2	437.229	GCMS	Agilent 8890 GC w 7010 triple quadrupole	Analyte RT: 6.5451 ISTD RT: 6.3999	7010_1_10132042.D	UC_959_949_final-ak.xlsx	RawData	0.01331	Y
UCG3 AF S2B	2020-09-23	Bis(1H,1H-perfluoropropyl)amine	DTXSID50381992	959	AF	2	2020-09-23	NA	10	MFHET	1	35611.8	2	579.784	GCMS	Agilent 8890 GC w 7010 triple quadrupole	Analyte RT: 6.5451 ISTD RT: 6.3957	7010_1_10132043.D	UC_959_949_final-ak.xlsx	RawData	0.01628	Y
UCG3 AF S2C	2020-09-23	Bis(1H,1H-perfluoropropyl)amine	DTXSID50381992	959	AF	2	2020-09-23	NA	10	MFHET	1	34962.3	2	581.614	GCMS	Agilent 8890 GC w 7010 triple quadrupole	Analyte RT: 6.5451 ISTD RT: 6.3957	7010_1_10132044.D	UC_959_949_final-ak.xlsx	RawData	0.01664	Y
