Lab.Sample.Name	Date	Compound.Name	DTXSID	Lab.Compound.Name	Sample.Type	Dilution.Factor	Calibration	Standard.Conc	UC.Assay.T1.Conc	ISTD.Name	ISTD.Conc	ISTD.Area	Series	Area	Analysis.Method	Analysis.Instrument	Analysis.Parameters	Note	Level0.File	Level0.Sheet	Response
20190412_PFAS_PPB_UC_LCSet1_Sample004	April2019	Perfluorooctanoic acid	DTXSID8031865	PFOA	CC	1	041219	0	10	Unknown	1	33936.527	NA	1130	GCMS	Agilent 8890 GC w 7010 triple quadrupole	RT	Crash Mixed Matrix Blank	20200402_PFAS_UC_PFOA_PFOS.xlsx	PFOA 4-12-19	0.0333
20190412_PFAS_PPB_UC_LCSet1_Sample009	April2019	Perfluorooctanoic acid	DTXSID8031865	PFOA	CC	1	041219	0.053	10	Unknown	1	43095.648	NA	2643	GCMS	Agilent 8890 GC w 7010 triple quadrupole	RT	LC Set 1 CC1	20200402_PFAS_UC_PFOA_PFOS.xlsx	PFOA 4-12-19	0.06133
20190412_PFAS_PPB_UC_LCSet1_Sample010	April2019	Perfluorooctanoic acid	DTXSID8031865	PFOA	CC	1	041219	0.085	10	Unknown	1	45594.133	NA	3824	GCMS	Agilent 8890 GC w 7010 triple quadrupole	RT	LC Set 1 CC2	20200402_PFAS_UC_PFOA_PFOS.xlsx	PFOA 4-12-19	0.08387
20190412_PFAS_PPB_UC_LCSet1_Sample011	April2019	Perfluorooctanoic acid	DTXSID8031865	PFOA	CC	1	041219	0.135	10	Unknown	1	39393.699	NA	4444	GCMS	Agilent 8890 GC w 7010 triple quadrupole	RT	LC Set 1 CC3	20200402_PFAS_UC_PFOA_PFOS.xlsx	PFOA 4-12-19	0.1128
20190412_PFAS_PPB_UC_LCSet1_Sample012	April2019	Perfluorooctanoic acid	DTXSID8031865	PFOA	CC	1	041219	0.217	10	Unknown	1	40330.953	NA	6567	GCMS	Agilent 8890 GC w 7010 triple quadrupole	RT	LC Set 1 CC4	20200402_PFAS_UC_PFOA_PFOS.xlsx	PFOA 4-12-19	0.1628
20190412_PFAS_PPB_UC_LCSet1_Sample013	April2019	Perfluorooctanoic acid	DTXSID8031865	PFOA	CC	1	041219	0.347	10	Unknown	1	37002.961	NA	9346	GCMS	Agilent 8890 GC w 7010 triple quadrupole	RT	LC Set 1 CC5	20200402_PFAS_UC_PFOA_PFOS.xlsx	PFOA 4-12-19	0.2526
20190412_PFAS_PPB_UC_LCSet1_Sample014	April2019	Perfluorooctanoic acid	DTXSID8031865	PFOA	CC	1	041219	0.555	10	Unknown	1	33587.703	NA	11717	GCMS	Agilent 8890 GC w 7010 triple quadrupole	RT	LC Set 1 CC6	20200402_PFAS_UC_PFOA_PFOS.xlsx	PFOA 4-12-19	0.3488
20190412_PFAS_PPB_UC_LCSet1_Sample016	April2019	Perfluorooctanoic acid	DTXSID8031865	PFOA	CC	1	041219	0.888	10	Unknown	1	34077.617	NA	20417	GCMS	Agilent 8890 GC w 7010 triple quadrupole	RT	LC Set 1 CC7	20200402_PFAS_UC_PFOA_PFOS.xlsx	PFOA 4-12-19	0.5991
20190412_PFAS_PPB_UC_LCSet1_Sample017	April2019	Perfluorooctanoic acid	DTXSID8031865	PFOA	CC	1	041219	1.42	10	Unknown	1	34516.16	NA	33291	GCMS	Agilent 8890 GC w 7010 triple quadrupole	RT	LC Set 1 CC8	20200402_PFAS_UC_PFOA_PFOS.xlsx	PFOA 4-12-19	0.9645
20190412_PFAS_PPB_UC_LCSet1_Sample018	April2019	Perfluorooctanoic acid	DTXSID8031865	PFOA	CC	1	041219	2.272	10	Unknown	1	31222.117	NA	43659	GCMS	Agilent 8890 GC w 7010 triple quadrupole	RT	LC Set 1 CC9	20200402_PFAS_UC_PFOA_PFOS.xlsx	PFOA 4-12-19	1.398
20190412_PFAS_PPB_UC_LCSet1_Sample019	April2019	Perfluorooctanoic acid	DTXSID8031865	PFOA	CC	1	041219	3.636	10	Unknown	1	32249.145	NA	70071	GCMS	Agilent 8890 GC w 7010 triple quadrupole	RT	LC Set 1 CC10	20200402_PFAS_UC_PFOA_PFOS.xlsx	PFOA 4-12-19	2.173
20190412_PFAS_PPB_UC_LCSet1_Sample020	April2019	Perfluorooctanoic acid	DTXSID8031865	PFOA	CC	1	041219	5.817	10	Unknown	1	29909.057	NA	110483	GCMS	Agilent 8890 GC w 7010 triple quadrupole	RT	LC Set 1 CC11	20200402_PFAS_UC_PFOA_PFOS.xlsx	PFOA 4-12-19	3.694
20190412_PFAS_PPB_UC_LCSet1_Sample021	April2019	Perfluorooctanoic acid	DTXSID8031865	PFOA	CC	1	041219	9.308	10	Unknown	1	29286.057	NA	189426	GCMS	Agilent 8890 GC w 7010 triple quadrupole	RT	LC Set 1 CC12	20200402_PFAS_UC_PFOA_PFOS.xlsx	PFOA 4-12-19	6.468
20190412_PFAS_PPB_UC_LCSet1_Sample022	April2019	Perfluorooctanoic acid	DTXSID8031865	PFOA	CC	1	041219	0	10	Unknown	1	30696.479	NA	1068	GCMS	Agilent 8890 GC w 7010 triple quadrupole	RT	Crrash Mixed Matrix Blank	20200402_PFAS_UC_PFOA_PFOS.xlsx	PFOA 4-12-19	0.03479
20190412_PFAS_PPB_UC_LCSet1_Sample023	April2019	Perfluorooctanoic acid	DTXSID8031865	PFOA	CC	1	041219	14.893	10	Unknown	1	17246.621	NA	155505	GCMS	Agilent 8890 GC w 7010 triple quadrupole	RT	LC Set 1 CC13	20200402_PFAS_UC_PFOA_PFOS.xlsx	PFOA 4-12-19	9.017
20190412_PFAS_PPB_UC_LCSet1_Sample024	April2019	Perfluorooctanoic acid	DTXSID8031865	PFOA	CC	1	041219	23.828	10	Unknown	1	25596.426	NA	362248	GCMS	Agilent 8890 GC w 7010 triple quadrupole	RT	LC Set 1 CC14	20200402_PFAS_UC_PFOA_PFOS.xlsx	PFOA 4-12-19	14.15
20190412_PFAS_PPB_UC_LCSet1_Sample025	April2019	Perfluorooctanoic acid	DTXSID8031865	PFOA	CC	1	041219	38.125	10	Unknown	1	26240.096	NA	556262	GCMS	Agilent 8890 GC w 7010 triple quadrupole	RT	LC Set 1 CC15	20200402_PFAS_UC_PFOA_PFOS.xlsx	PFOA 4-12-19	21.2
20190412_PFAS_PPB_UC_LCSet1_Sample031	April2019	Perfluorooctanoic acid	DTXSID8031865	PFOA	CC	1	041219	0.053	10	Unknown	1	40337.648	NA	2490	GCMS	Agilent 8890 GC w 7010 triple quadrupole	RT	LC Set 1 CC1	20200402_PFAS_UC_PFOA_PFOS.xlsx	PFOA 4-12-19	0.06173
20190412_PFAS_PPB_UC_LCSet1_Sample032	April2019	Perfluorooctanoic acid	DTXSID8031865	PFOA	CC	1	041219	0.085	10	Unknown	1	41827.438	NA	3515	GCMS	Agilent 8890 GC w 7010 triple quadrupole	RT	LC Set 1 CC2	20200402_PFAS_UC_PFOA_PFOS.xlsx	PFOA 4-12-19	0.08404
20190412_PFAS_PPB_UC_LCSet1_Sample033	April2019	Perfluorooctanoic acid	DTXSID8031865	PFOA	CC	1	041219	0.135	10	Unknown	1	39262.813	NA	4030	GCMS	Agilent 8890 GC w 7010 triple quadrupole	RT	LC Set 1 CC3	20200402_PFAS_UC_PFOA_PFOS.xlsx	PFOA 4-12-19	0.1026
20190412_PFAS_PPB_UC_LCSet1_Sample034	April2019	Perfluorooctanoic acid	DTXSID8031865	PFOA	CC	1	041219	0.217	10	Unknown	1	41996.398	NA	6938	GCMS	Agilent 8890 GC w 7010 triple quadrupole	RT	LC Set 1 CC4	20200402_PFAS_UC_PFOA_PFOS.xlsx	PFOA 4-12-19	0.1652
20190412_PFAS_PPB_UC_LCSet1_Sample035	April2019	Perfluorooctanoic acid	DTXSID8031865	PFOA	CC	1	041219	0.347	10	Unknown	1	33172.922	NA	8365	GCMS	Agilent 8890 GC w 7010 triple quadrupole	RT	LC Set 1 CC5	20200402_PFAS_UC_PFOA_PFOS.xlsx	PFOA 4-12-19	0.2522
20190412_PFAS_PPB_UC_LCSet1_Sample037	April2019	Perfluorooctanoic acid	DTXSID8031865	PFOA	CC	1	041219	0.555	10	Unknown	1	32563.934	NA	11429	GCMS	Agilent 8890 GC w 7010 triple quadrupole	RT	LC Set 1 CC6	20200402_PFAS_UC_PFOA_PFOS.xlsx	PFOA 4-12-19	0.351
20190412_PFAS_PPB_UC_LCSet1_Sample038	April2019	Perfluorooctanoic acid	DTXSID8031865	PFOA	CC	1	041219	0.888	10	Unknown	1	33052.711	NA	19279	GCMS	Agilent 8890 GC w 7010 triple quadrupole	RT	LC Set 1 CC7	20200402_PFAS_UC_PFOA_PFOS.xlsx	PFOA 4-12-19	0.5833
20190412_PFAS_PPB_UC_LCSet1_Sample039	April2019	Perfluorooctanoic acid	DTXSID8031865	PFOA	CC	1	041219	1.42	10	Unknown	1	33616.313	NA	29285	GCMS	Agilent 8890 GC w 7010 triple quadrupole	RT	LC Set 1 CC8	20200402_PFAS_UC_PFOA_PFOS.xlsx	PFOA 4-12-19	0.8712
20190412_PFAS_PPB_UC_LCSet1_Sample040	April2019	Perfluorooctanoic acid	DTXSID8031865	PFOA	CC	1	041219	2.272	10	Unknown	1	31926.578	NA	41739	GCMS	Agilent 8890 GC w 7010 triple quadrupole	RT	LC Set 1 CC9	20200402_PFAS_UC_PFOA_PFOS.xlsx	PFOA 4-12-19	1.307
20190412_PFAS_PPB_UC_LCSet1_Sample041	April2019	Perfluorooctanoic acid	DTXSID8031865	PFOA	CC	1	041219	3.636	10	Unknown	1	29536.564	NA	66034	GCMS	Agilent 8890 GC w 7010 triple quadrupole	RT	LC Set 1 CC10	20200402_PFAS_UC_PFOA_PFOS.xlsx	PFOA 4-12-19	2.236
20190412_PFAS_PPB_UC_LCSet1_Sample042	April2019	Perfluorooctanoic acid	DTXSID8031865	PFOA	CC	1	041219	5.817	10	Unknown	1	30004.846	NA	106443	GCMS	Agilent 8890 GC w 7010 triple quadrupole	RT	LC Set 1 CC11	20200402_PFAS_UC_PFOA_PFOS.xlsx	PFOA 4-12-19	3.548
20190412_PFAS_PPB_UC_LCSet1_Sample043	April2019	Perfluorooctanoic acid	DTXSID8031865	PFOA	CC	1	041219	0	10	Unknown	1	28369.928	NA	1252	GCMS	Agilent 8890 GC w 7010 triple quadrupole	RT	Crash Mixed Matrix Blank	20200402_PFAS_UC_PFOA_PFOS.xlsx	PFOA 4-12-19	0.04413
20190412_PFAS_PPB_UC_LCSet1_Sample044	April2019	Perfluorooctanoic acid	DTXSID8031865	PFOA	CC	1	041219	9.308	10	Unknown	1	29153.291	NA	173540	GCMS	Agilent 8890 GC w 7010 triple quadrupole	RT	LC Set 1 CC12	20200402_PFAS_UC_PFOA_PFOS.xlsx	PFOA 4-12-19	5.953
20190412_PFAS_PPB_UC_LCSet1_Sample045	April2019	Perfluorooctanoic acid	DTXSID8031865	PFOA	CC	1	041219	14.893	10	Unknown	1	17603.316	NA	151906	GCMS	Agilent 8890 GC w 7010 triple quadrupole	RT	LC Set 1 CC13	20200402_PFAS_UC_PFOA_PFOS.xlsx	PFOA 4-12-19	8.629
20190412_PFAS_PPB_UC_LCSet1_Sample046	April2019	Perfluorooctanoic acid	DTXSID8031865	PFOA	CC	1	041219	23.828	10	Unknown	1	24985.113	NA	345856	GCMS	Agilent 8890 GC w 7010 triple quadrupole	RT	LC Set 1 CC14	20200402_PFAS_UC_PFOA_PFOS.xlsx	PFOA 4-12-19	13.84
20190412_PFAS_PPB_UC_LCSet1_Sample047	April2019	Perfluorooctanoic acid	DTXSID8031865	PFOA	CC	1	041219	38.125	10	Unknown	1	25946.98	NA	497768	GCMS	Agilent 8890 GC w 7010 triple quadrupole	RT	LC Set 1 CC15	20200402_PFAS_UC_PFOA_PFOS.xlsx	PFOA 4-12-19	19.18
20190412_PFAS_PPB_UC_LCSet1_Sample053	April2019	Perfluorooctanoic acid	DTXSID8031865	PFOA	CC	1	041219	0.053	10	Unknown	1	41771.684	NA	2440	GCMS	Agilent 8890 GC w 7010 triple quadrupole	RT	LC Set 1 CC1	20200402_PFAS_UC_PFOA_PFOS.xlsx	PFOA 4-12-19	0.05841
20190412_PFAS_PPB_UC_LCSet1_Sample054	April2019	Perfluorooctanoic acid	DTXSID8031865	PFOA	CC	1	041219	0.085	10	Unknown	1	41170.504	NA	3550	GCMS	Agilent 8890 GC w 7010 triple quadrupole	RT	LC Set 1 CC2	20200402_PFAS_UC_PFOA_PFOS.xlsx	PFOA 4-12-19	0.08623
20190412_PFAS_PPB_UC_LCSet1_Sample055	April2019	Perfluorooctanoic acid	DTXSID8031865	PFOA	CC	1	041219	0.135	10	Unknown	1	36285.16	NA	4129	GCMS	Agilent 8890 GC w 7010 triple quadrupole	RT	LC Set 1 CC3	20200402_PFAS_UC_PFOA_PFOS.xlsx	PFOA 4-12-19	0.1138
20190412_PFAS_PPB_UC_LCSet1_Sample060	April2019	Perfluorooctanoic acid	DTXSID8031865	PFOA	AF	32	041219	NA	10	Unknown	1	35694.73	2	3857	GCMS	Agilent 8890 GC w 7010 triple quadrupole	RT	UC-CR-S2 A	20200402_PFAS_UC_PFOA_PFOS.xlsx	PFOA 4-12-19	0.1081
20190412_PFAS_PPB_UC_LCSet1_Sample061	April2019	Perfluorooctanoic acid	DTXSID8031865	PFOA	AF	32	041219	NA	10	Unknown	1	38869.051	2	3893	GCMS	Agilent 8890 GC w 7010 triple quadrupole	RT	UC-CR-S2 B	20200402_PFAS_UC_PFOA_PFOS.xlsx	PFOA 4-12-19	0.1002
20190412_PFAS_PPB_UC_LCSet1_Sample062	April2019	Perfluorooctanoic acid	DTXSID8031865	PFOA	AF	32	041219	NA	10	Unknown	1	33615.594	2	3265	GCMS	Agilent 8890 GC w 7010 triple quadrupole	RT	UC-CR-S2 C	20200402_PFAS_UC_PFOA_PFOS.xlsx	PFOA 4-12-19	0.09713
20190412_PFAS_PPB_UC_LCSet1_Sample064	April2019	Perfluorooctanoic acid	DTXSID8031865	PFOA	CC	1	041219	0	10	Unknown	1	29377.371	NA	898	GCMS	Agilent 8890 GC w 7010 triple quadrupole	RT	Crash Mixed Matrix Blank	20200402_PFAS_UC_PFOA_PFOS.xlsx	PFOA 4-12-19	0.03057
20190412_PFAS_PPB_UC_LCSet1_Sample070	April2019	Perfluorooctanoic acid	DTXSID8031865	PFOA	T1	80	041219	NA	10	Unknown	1	30429.5	2	527389	GCMS	Agilent 8890 GC w 7010 triple quadrupole	RT	UC-T1h-S2 A	20200402_PFAS_UC_PFOA_PFOS.xlsx	PFOA 4-12-19	17.33
20190412_PFAS_PPB_UC_LCSet1_Sample072	April2019	Perfluorooctanoic acid	DTXSID8031865	PFOA	T1	80	041219	NA	10	Unknown	1	26153.512	2	472838	GCMS	Agilent 8890 GC w 7010 triple quadrupole	RT	UC-T1h-S2 B	20200402_PFAS_UC_PFOA_PFOS.xlsx	PFOA 4-12-19	18.08
20190412_PFAS_PPB_UC_LCSet1_Sample073	April2019	Perfluorooctanoic acid	DTXSID8031865	PFOA	T1	80	041219	NA	10	Unknown	1	24801.947	2	486333	GCMS	Agilent 8890 GC w 7010 triple quadrupole	RT	UC-T1h-S2 C	20200402_PFAS_UC_PFOA_PFOS.xlsx	PFOA 4-12-19	19.61
20190412_PFAS_PPB_UC_LCSet1_Sample081	April2019	Perfluorooctanoic acid	DTXSID8031865	PFOA	T5	80	041219	NA	10	Unknown	1	24046	2	454265	GCMS	Agilent 8890 GC w 7010 triple quadrupole	RT	UC-T5h-S2 A	20200402_PFAS_UC_PFOA_PFOS.xlsx	PFOA 4-12-19	18.89
20190412_PFAS_PPB_UC_LCSet1_Sample082	April2019	Perfluorooctanoic acid	DTXSID8031865	PFOA	T5	80	041219	NA	10	Unknown	1	26111.764	2	466097	GCMS	Agilent 8890 GC w 7010 triple quadrupole	RT	UC-T5h-S2 B	20200402_PFAS_UC_PFOA_PFOS.xlsx	PFOA 4-12-19	17.85
20190412_PFAS_PPB_UC_LCSet1_Sample083	April2019	Perfluorooctanoic acid	DTXSID8031865	PFOA	T5	80	041219	NA	10	Unknown	1	25086.17	2	485490	GCMS	Agilent 8890 GC w 7010 triple quadrupole	RT	UC-T5h-S2 C	20200402_PFAS_UC_PFOA_PFOS.xlsx	PFOA 4-12-19	19.35
20190412_PFAS_PPB_UC_LCSet1_Sample085	April2019	Perfluorooctanoic acid	DTXSID8031865	PFOA	CC	1	041219	0	10	Unknown	1	31021.855	NA	918	GCMS	Agilent 8890 GC w 7010 triple quadrupole	RT	Crash Mixed Matrix Blank	20200402_PFAS_UC_PFOA_PFOS.xlsx	PFOA 4-12-19	0.02959
20190412_PFAS_PPB_UC_LCSet1_Sample088	April2019	Perfluorooctanoic acid	DTXSID8031865	PFOA	CC	1	041219	0	10	Unknown	1	30865.271	NA	1157	GCMS	Agilent 8890 GC w 7010 triple quadrupole	RT	Crash Mixed Matrix Blank	20200402_PFAS_UC_PFOA_PFOS.xlsx	PFOA 4-12-19	0.03749
20191001_PFAS_Set1_PPB_UC_Sample005	April2019	Perfluorooctanoic acid	DTXSID8031865	PFOA	CC	1	100119	0	10	Unknown	1	15905.958	NA	1248.642	GCMS	Agilent 8890 GC w 7010 triple quadrupole	RT	Crash Mixed Matrix Blank	20200402_PFAS_UC_PFOA_PFOS.xlsx	PFOA 10-1-19	0.0785
20191001_PFAS_Set1_PPB_UC_Sample007	April2019	Perfluorooctanoic acid	DTXSID8031865	PFOA	CC	1	100119	0.00017	10	Unknown	1	16090.646	NA	1184.853	GCMS	Agilent 8890 GC w 7010 triple quadrupole	RT	CC1 - 0.053 pg/uL	20200402_PFAS_UC_PFOA_PFOS.xlsx	PFOA 10-1-19	0.07364
20191001_PFAS_Set1_PPB_UC_Sample008	April2019	Perfluorooctanoic acid	DTXSID8031865	PFOA	CC	1	100119	0.00028	10	Unknown	1	15699.896	NA	1748.922	GCMS	Agilent 8890 GC w 7010 triple quadrupole	RT	CC2 - 0.085 pg/uL	20200402_PFAS_UC_PFOA_PFOS.xlsx	PFOA 10-1-19	0.1114
20191001_PFAS_Set1_PPB_UC_Sample009	April2019	Perfluorooctanoic acid	DTXSID8031865	PFOA	CC	1	100119	0.00044	10	Unknown	1	15841.048	NA	2473.678	GCMS	Agilent 8890 GC w 7010 triple quadrupole	RT	CC3 - 0.135 pg/uL	20200402_PFAS_UC_PFOA_PFOS.xlsx	PFOA 10-1-19	0.1562
20191001_PFAS_Set1_PPB_UC_Sample010	April2019	Perfluorooctanoic acid	DTXSID8031865	PFOA	CC	1	100119	0.00071	10	Unknown	1	16837.471	NA	3128.924	GCMS	Agilent 8890 GC w 7010 triple quadrupole	RT	CC4 - 0.217 pg/uL	20200402_PFAS_UC_PFOA_PFOS.xlsx	PFOA 10-1-19	0.1858
20191001_PFAS_Set1_PPB_UC_Sample011	April2019	Perfluorooctanoic acid	DTXSID8031865	PFOA	CC	1	100119	0.00114	10	Unknown	1	16364.283	NA	4457.235	GCMS	Agilent 8890 GC w 7010 triple quadrupole	RT	CC5 - 0.347 pg/uL	20200402_PFAS_UC_PFOA_PFOS.xlsx	PFOA 10-1-19	0.2724
20191001_PFAS_Set1_PPB_UC_Sample012	April2019	Perfluorooctanoic acid	DTXSID8031865	PFOA	CC	1	100119	0.00182	10	Unknown	1	17266.414	NA	6717.406	GCMS	Agilent 8890 GC w 7010 triple quadrupole	RT	CC6 - 0.555 pg/uL	20200402_PFAS_UC_PFOA_PFOS.xlsx	PFOA 10-1-19	0.389
20191001_PFAS_Set1_PPB_UC_Sample014	April2019	Perfluorooctanoic acid	DTXSID8031865	PFOA	CC	1	100119	0.00291	10	Unknown	1	16031.396	NA	10524.817	GCMS	Agilent 8890 GC w 7010 triple quadrupole	RT	CC7 - 0.888 pg/uL	20200402_PFAS_UC_PFOA_PFOS.xlsx	PFOA 10-1-19	0.6565
20191001_PFAS_Set1_PPB_UC_Sample015	April2019	Perfluorooctanoic acid	DTXSID8031865	PFOA	CC	1	100119	0.00466	10	Unknown	1	15452.914	NA	15955.239	GCMS	Agilent 8890 GC w 7010 triple quadrupole	RT	CC8 - 1.420 pg/uL	20200402_PFAS_UC_PFOA_PFOS.xlsx	PFOA 10-1-19	1.033
20191001_PFAS_Set1_PPB_UC_Sample016	April2019	Perfluorooctanoic acid	DTXSID8031865	PFOA	CC	1	100119	0.00745	10	Unknown	1	15740.824	NA	25244.471	GCMS	Agilent 8890 GC w 7010 triple quadrupole	RT	CC9 - 2.272 pg/uL	20200402_PFAS_UC_PFOA_PFOS.xlsx	PFOA 10-1-19	1.604
20191001_PFAS_Set1_PPB_UC_Sample017	April2019	Perfluorooctanoic acid	DTXSID8031865	PFOA	CC	1	100119	0.01192	10	Unknown	1	15407.582	NA	37571.176	GCMS	Agilent 8890 GC w 7010 triple quadrupole	RT	CC10 - 3.636 pg/uL	20200402_PFAS_UC_PFOA_PFOS.xlsx	PFOA 10-1-19	2.438
20191001_PFAS_Set1_PPB_UC_Sample018	April2019	Perfluorooctanoic acid	DTXSID8031865	PFOA	CC	1	100119	0.01907	10	Unknown	1	14552.612	NA	63428.02	GCMS	Agilent 8890 GC w 7010 triple quadrupole	RT	CC11 - 5.817 pg/uL	20200402_PFAS_UC_PFOA_PFOS.xlsx	PFOA 10-1-19	4.359
20191001_PFAS_Set1_PPB_UC_Sample019	April2019	Perfluorooctanoic acid	DTXSID8031865	PFOA	CC	1	100119	0.03052	10	Unknown	1	15501.458	NA	93501.711	GCMS	Agilent 8890 GC w 7010 triple quadrupole	RT	CC12 - 9.308 pg/uL	20200402_PFAS_UC_PFOA_PFOS.xlsx	PFOA 10-1-19	6.032
20191001_PFAS_Set1_PPB_UC_Sample020	April2019	Perfluorooctanoic acid	DTXSID8031865	PFOA	CC	1	100119	0	10	Unknown	1	16741.463	NA	1194.558	GCMS	Agilent 8890 GC w 7010 triple quadrupole	RT	Crash Mixed Matrix Blank	20200402_PFAS_UC_PFOA_PFOS.xlsx	PFOA 10-1-19	0.07135
20191001_PFAS_Set1_PPB_UC_Sample021	April2019	Perfluorooctanoic acid	DTXSID8031865	PFOA	CC	1	100119	0.04883	10	Unknown	1	13666.301	NA	136873.453	GCMS	Agilent 8890 GC w 7010 triple quadrupole	RT	CC13 - 14.893 pg/uL	20200402_PFAS_UC_PFOA_PFOS.xlsx	PFOA 10-1-19	10.02
20191001_PFAS_Set1_PPB_UC_Sample022	April2019	Perfluorooctanoic acid	DTXSID8031865	PFOA	CC	1	100119	0.07813	10	Unknown	1	13249.906	NA	205258.406	GCMS	Agilent 8890 GC w 7010 triple quadrupole	RT	CC14 - 23.828 pg/uL	20200402_PFAS_UC_PFOA_PFOS.xlsx	PFOA 10-1-19	15.49
20191001_PFAS_Set1_PPB_UC_Sample023	April2019	Perfluorooctanoic acid	DTXSID8031865	PFOA	CC	1	100119	0.125	10	Unknown	1	11694.949	NA	278755.719	GCMS	Agilent 8890 GC w 7010 triple quadrupole	RT	CC15 - 38.125 pg/uL	20200402_PFAS_UC_PFOA_PFOS.xlsx	PFOA 10-1-19	23.84
20191001_PFAS_Set1_PPB_UC_Sample024	April2019	Perfluorooctanoic acid	DTXSID8031865	PFOA	CC	1	100119	0.15625	10	Unknown	1	11913.173	NA	335453.844	GCMS	Agilent 8890 GC w 7010 triple quadrupole	RT	CC16 - 47.656 pg/uL	20200402_PFAS_UC_PFOA_PFOS.xlsx	PFOA 10-1-19	28.16
20191001_PFAS_Set1_PPB_UC_Sample025	April2019	Perfluorooctanoic acid	DTXSID8031865	PFOA	CC	1	100119	0.25	10	Unknown	1	10375.99	NA	500666.719	GCMS	Agilent 8890 GC w 7010 triple quadrupole	RT	CC17 - 76.250 pg/uL	20200402_PFAS_UC_PFOA_PFOS.xlsx	PFOA 10-1-19	48.25
20191001_PFAS_Set1_PPB_UC_Sample032	April2019	Perfluorooctanoic acid	DTXSID8031865	PFOA	CC	1	100119	0.00017	10	Unknown	1	16954.879	NA	1364.462	GCMS	Agilent 8890 GC w 7010 triple quadrupole	RT	CC1 - 0.053 pg/uL	20200402_PFAS_UC_PFOA_PFOS.xlsx	PFOA 10-1-19	0.08048
20191001_PFAS_Set1_PPB_UC_Sample033	April2019	Perfluorooctanoic acid	DTXSID8031865	PFOA	CC	1	100119	0.00028	10	Unknown	1	17551.877	NA	1807.937	GCMS	Agilent 8890 GC w 7010 triple quadrupole	RT	CC2 - 0.085 pg/uL	20200402_PFAS_UC_PFOA_PFOS.xlsx	PFOA 10-1-19	0.103
20191001_PFAS_Set1_PPB_UC_Sample034	April2019	Perfluorooctanoic acid	DTXSID8031865	PFOA	CC	1	100119	0.00044	10	Unknown	1	17207.598	NA	2303.329	GCMS	Agilent 8890 GC w 7010 triple quadrupole	RT	CC3 - 0.135 pg/uL	20200402_PFAS_UC_PFOA_PFOS.xlsx	PFOA 10-1-19	0.1339
20191001_PFAS_Set1_PPB_UC_Sample035	April2019	Perfluorooctanoic acid	DTXSID8031865	PFOA	CC	1	100119	0.00071	10	Unknown	1	18050.105	NA	3635.347	GCMS	Agilent 8890 GC w 7010 triple quadrupole	RT	CC4 - 0.217 pg/uL	20200402_PFAS_UC_PFOA_PFOS.xlsx	PFOA 10-1-19	0.2014
20191001_PFAS_Set1_PPB_UC_Sample036	April2019	Perfluorooctanoic acid	DTXSID8031865	PFOA	CC	1	100119	0.00114	10	Unknown	1	17304.141	NA	5162.598	GCMS	Agilent 8890 GC w 7010 triple quadrupole	RT	CC5 - 0.347 pg/uL	20200402_PFAS_UC_PFOA_PFOS.xlsx	PFOA 10-1-19	0.2983
20191001_PFAS_Set1_PPB_UC_Sample037	April2019	Perfluorooctanoic acid	DTXSID8031865	PFOA	CC	1	100119	0.00182	10	Unknown	1	17337.008	NA	7537.715	GCMS	Agilent 8890 GC w 7010 triple quadrupole	RT	CC6 - 0.555 pg/uL	20200402_PFAS_UC_PFOA_PFOS.xlsx	PFOA 10-1-19	0.4348
20191001_PFAS_Set1_PPB_UC_Sample039	April2019	Perfluorooctanoic acid	DTXSID8031865	PFOA	AF	32	100119	NA	10	Unknown	1	17195.896	1	2275.066	GCMS	Agilent 8890 GC w 7010 triple quadrupole	RT	UC_UF_Mix1_A	20200402_PFAS_UC_PFOA_PFOS.xlsx	PFOA 10-1-19	0.1323
20191001_PFAS_Set1_PPB_UC_Sample040	April2019	Perfluorooctanoic acid	DTXSID8031865	PFOA	AF	32	100119	NA	10	Unknown	1	16843.656	1	1356.291	GCMS	Agilent 8890 GC w 7010 triple quadrupole	RT	UC_UF_Mix1_B	20200402_PFAS_UC_PFOA_PFOS.xlsx	PFOA 10-1-19	0.08052
20191001_PFAS_Set1_PPB_UC_Sample041	April2019	Perfluorooctanoic acid	DTXSID8031865	PFOA	AF	32	100119	NA	10	Unknown	1	16342.992	1	1404.685	GCMS	Agilent 8890 GC w 7010 triple quadrupole	RT	UC_UF_Mix1_C	20200402_PFAS_UC_PFOA_PFOS.xlsx	PFOA 10-1-19	0.08595
20191001_PFAS_Set1_PPB_UC_Sample049	April2019	Perfluorooctanoic acid	DTXSID8031865	PFOA	T1	80	100119	NA	10	Unknown	1	12965.38	1	294515.188	GCMS	Agilent 8890 GC w 7010 triple quadrupole	RT	UC_T1hr_Mix1_A	20200402_PFAS_UC_PFOA_PFOS.xlsx	PFOA 10-1-19	22.72
20191001_PFAS_Set1_PPB_UC_Sample050	April2019	Perfluorooctanoic acid	DTXSID8031865	PFOA	T1	80	100119	NA	10	Unknown	1	12297.869	1	314720.438	GCMS	Agilent 8890 GC w 7010 triple quadrupole	RT	UC_T1hr_Mix1_B	20200402_PFAS_UC_PFOA_PFOS.xlsx	PFOA 10-1-19	25.59
20191001_PFAS_Set1_PPB_UC_Sample051	April2019	Perfluorooctanoic acid	DTXSID8031865	PFOA	T1	80	100119	NA	10	Unknown	1	12314.034	1	306353.938	GCMS	Agilent 8890 GC w 7010 triple quadrupole	RT	UC_T1hr_Mix1_C	20200402_PFAS_UC_PFOA_PFOS.xlsx	PFOA 10-1-19	24.88
20191001_PFAS_Set1_PPB_UC_Sample060	April2019	Perfluorooctanoic acid	DTXSID8031865	PFOA	T5	80	100119	NA	10	Unknown	1	12194.598	1	287541.781	GCMS	Agilent 8890 GC w 7010 triple quadrupole	RT	UC_T5hr_Mix1_A	20200402_PFAS_UC_PFOA_PFOS.xlsx	PFOA 10-1-19	23.58
20191001_PFAS_Set1_PPB_UC_Sample061	April2019	Perfluorooctanoic acid	DTXSID8031865	PFOA	T5	80	100119	NA	10	Unknown	1	11976.753	1	315801.156	GCMS	Agilent 8890 GC w 7010 triple quadrupole	RT	UC_T5hr_Mix1_B	20200402_PFAS_UC_PFOA_PFOS.xlsx	PFOA 10-1-19	26.37
20191001_PFAS_Set1_PPB_UC_Sample062	April2019	Perfluorooctanoic acid	DTXSID8031865	PFOA	T5	80	100119	NA	10	Unknown	1	11348.432	1	311289.219	GCMS	Agilent 8890 GC w 7010 triple quadrupole	RT	UC_T5hr_Mix1_C	20200402_PFAS_UC_PFOA_PFOS.xlsx	PFOA 10-1-19	27.43
20191001_PFAS_Set1_PPB_UC_Sample070	April2019	Perfluorooctanoic acid	DTXSID8031865	PFOA	CC	1	100119	0	10	Unknown	1	15599.036	NA	967.563	GCMS	Agilent 8890 GC w 7010 triple quadrupole	RT	Crash Mixed Matrix Blank	20200402_PFAS_UC_PFOA_PFOS.xlsx	PFOA 10-1-19	0.06203
20191001_PFAS_Set1_PPB_UC_Sample072	April2019	Perfluorooctanoic acid	DTXSID8031865	PFOA	CC	1	100119	0.00017	10	Unknown	1	19746.258	NA	1602.314	GCMS	Agilent 8890 GC w 7010 triple quadrupole	RT	CC1 - 0.053 pg/uL	20200402_PFAS_UC_PFOA_PFOS.xlsx	PFOA 10-1-19	0.08115
20191001_PFAS_Set1_PPB_UC_Sample073	April2019	Perfluorooctanoic acid	DTXSID8031865	PFOA	CC	1	100119	0.00028	10	Unknown	1	21119.846	NA	1965.316	GCMS	Agilent 8890 GC w 7010 triple quadrupole	RT	CC2 - 0.085 pg/uL	20200402_PFAS_UC_PFOA_PFOS.xlsx	PFOA 10-1-19	0.09306
20191001_PFAS_Set1_PPB_UC_Sample074	April2019	Perfluorooctanoic acid	DTXSID8031865	PFOA	CC	1	100119	0.00044	10	Unknown	1	21540.4	NA	2806.028	GCMS	Agilent 8890 GC w 7010 triple quadrupole	RT	CC3 - 0.135 pg/uL	20200402_PFAS_UC_PFOA_PFOS.xlsx	PFOA 10-1-19	0.1303
20191001_PFAS_Set1_PPB_UC_Sample075	April2019	Perfluorooctanoic acid	DTXSID8031865	PFOA	CC	1	100119	0.00071	10	Unknown	1	20421.773	NA	4284.43	GCMS	Agilent 8890 GC w 7010 triple quadrupole	RT	CC4 - 0.217 pg/uL	20200402_PFAS_UC_PFOA_PFOS.xlsx	PFOA 10-1-19	0.2098
20191001_PFAS_Set1_PPB_UC_Sample076	April2019	Perfluorooctanoic acid	DTXSID8031865	PFOA	CC	1	100119	0.00114	10	Unknown	1	19945.654	NA	6193.615	GCMS	Agilent 8890 GC w 7010 triple quadrupole	RT	CC5 - 0.347 pg/uL	20200402_PFAS_UC_PFOA_PFOS.xlsx	PFOA 10-1-19	0.3105
20191001_PFAS_Set1_PPB_UC_Sample077	April2019	Perfluorooctanoic acid	DTXSID8031865	PFOA	CC	1	100119	0.00182	10	Unknown	1	20335.572	NA	8998.358	GCMS	Agilent 8890 GC w 7010 triple quadrupole	RT	CC6 - 0.555 pg/uL	20200402_PFAS_UC_PFOA_PFOS.xlsx	PFOA 10-1-19	0.4425
20191001_PFAS_Set1_PPB_UC_Sample079	April2019	Perfluorooctanoic acid	DTXSID8031865	PFOA	CC	1	100119	0.00291	10	Unknown	1	21233.637	NA	13544.415	GCMS	Agilent 8890 GC w 7010 triple quadrupole	RT	CC7 - 0.888 pg/uL	20200402_PFAS_UC_PFOA_PFOS.xlsx	PFOA 10-1-19	0.6379
20191001_PFAS_Set1_PPB_UC_Sample080	April2019	Perfluorooctanoic acid	DTXSID8031865	PFOA	CC	1	100119	0.00466	10	Unknown	1	20291.215	NA	20383.768	GCMS	Agilent 8890 GC w 7010 triple quadrupole	RT	CC8 - 1.420 pg/uL	20200402_PFAS_UC_PFOA_PFOS.xlsx	PFOA 10-1-19	1.005
20191001_PFAS_Set1_PPB_UC_Sample081	April2019	Perfluorooctanoic acid	DTXSID8031865	PFOA	CC	1	100119	0.00745	10	Unknown	1	19284.334	NA	31432.711	GCMS	Agilent 8890 GC w 7010 triple quadrupole	RT	CC9 - 2.272 pg/uL	20200402_PFAS_UC_PFOA_PFOS.xlsx	PFOA 10-1-19	1.63
20191001_PFAS_Set1_PPB_UC_Sample082	April2019	Perfluorooctanoic acid	DTXSID8031865	PFOA	CC	1	100119	0.01192	10	Unknown	1	20329.637	NA	48650.004	GCMS	Agilent 8890 GC w 7010 triple quadrupole	RT	CC10 - 3.636 pg/uL	20200402_PFAS_UC_PFOA_PFOS.xlsx	PFOA 10-1-19	2.393
20191001_PFAS_Set1_PPB_UC_Sample083	April2019	Perfluorooctanoic acid	DTXSID8031865	PFOA	CC	1	100119	0.01907	10	Unknown	1	19945.871	NA	78716.5	GCMS	Agilent 8890 GC w 7010 triple quadrupole	RT	CC11 - 5.817 pg/uL	20200402_PFAS_UC_PFOA_PFOS.xlsx	PFOA 10-1-19	3.947
20191001_PFAS_Set1_PPB_UC_Sample084	April2019	Perfluorooctanoic acid	DTXSID8031865	PFOA	CC	1	100119	0.03052	10	Unknown	1	19402.918	NA	121938.703	GCMS	Agilent 8890 GC w 7010 triple quadrupole	RT	CC12 - 9.308 pg/uL	20200402_PFAS_UC_PFOA_PFOS.xlsx	PFOA 10-1-19	6.285
20191001_PFAS_Set1_PPB_UC_Sample085	April2019	Perfluorooctanoic acid	DTXSID8031865	PFOA	CC	1	100119	0	10	Unknown	1	18054.369	NA	1576.558	GCMS	Agilent 8890 GC w 7010 triple quadrupole	RT	Crash Mixed Matrix Blank	20200402_PFAS_UC_PFOA_PFOS.xlsx	PFOA 10-1-19	0.08732
20191001_PFAS_Set1_PPB_UC_Sample086	April2019	Perfluorooctanoic acid	DTXSID8031865	PFOA	CC	1	100119	0.04883	10	Unknown	1	16521.801	NA	174224.141	GCMS	Agilent 8890 GC w 7010 triple quadrupole	RT	CC13 - 14.893 pg/uL	20200402_PFAS_UC_PFOA_PFOS.xlsx	PFOA 10-1-19	10.55
20191001_PFAS_Set1_PPB_UC_Sample087	April2019	Perfluorooctanoic acid	DTXSID8031865	PFOA	CC	1	100119	0.07813	10	Unknown	1	16191.235	NA	242949.625	GCMS	Agilent 8890 GC w 7010 triple quadrupole	RT	CC14 - 23.828 pg/uL	20200402_PFAS_UC_PFOA_PFOS.xlsx	PFOA 10-1-19	15.01
20191001_PFAS_Set1_PPB_UC_Sample088	April2019	Perfluorooctanoic acid	DTXSID8031865	PFOA	CC	1	100119	0.125	10	Unknown	1	13683.298	NA	344750.813	GCMS	Agilent 8890 GC w 7010 triple quadrupole	RT	CC15 - 38.125 pg/uL	20200402_PFAS_UC_PFOA_PFOS.xlsx	PFOA 10-1-19	25.2
20191001_PFAS_Set1_PPB_UC_Sample089	April2019	Perfluorooctanoic acid	DTXSID8031865	PFOA	CC	1	100119	0.15625	10	Unknown	1	14686.028	NA	411741.969	GCMS	Agilent 8890 GC w 7010 triple quadrupole	RT	CC16 - 47.656 pg/uL	20200402_PFAS_UC_PFOA_PFOS.xlsx	PFOA 10-1-19	28.04
20191001_PFAS_Set1_PPB_UC_Sample090	April2019	Perfluorooctanoic acid	DTXSID8031865	PFOA	CC	1	100119	0.25	10	Unknown	1	12238.684	NA	567157.813	GCMS	Agilent 8890 GC w 7010 triple quadrupole	RT	CC17 - 76.250 pg/uL	20200402_PFAS_UC_PFOA_PFOS.xlsx	PFOA 10-1-19	46.34
20191001_PFAS_Set1_PPB_UC_Sample098	April2019	Perfluorooctanoic acid	DTXSID8031865	PFOA	CC	1	100119	0.00017	10	Unknown	1	21680.102	NA	1663.317	GCMS	Agilent 8890 GC w 7010 triple quadrupole	RT	CC1 - 0.053 pg/uL	20200402_PFAS_UC_PFOA_PFOS.xlsx	PFOA 10-1-19	0.07672
20191001_PFAS_Set1_PPB_UC_Sample099	April2019	Perfluorooctanoic acid	DTXSID8031865	PFOA	CC	1	100119	0.00028	10	Unknown	1	23192.934	NA	2240.92	GCMS	Agilent 8890 GC w 7010 triple quadrupole	RT	CC2 - 0.085 pg/uL	20200402_PFAS_UC_PFOA_PFOS.xlsx	PFOA 10-1-19	0.09662
20191001_PFAS_Set1_PPB_UC_Sample100	April2019	Perfluorooctanoic acid	DTXSID8031865	PFOA	CC	1	100119	0.00044	10	Unknown	1	22229.623	NA	3238.445	GCMS	Agilent 8890 GC w 7010 triple quadrupole	RT	CC3 - 0.135 pg/uL	20200402_PFAS_UC_PFOA_PFOS.xlsx	PFOA 10-1-19	0.1457
20191001_PFAS_Set1_PPB_UC_Sample101	April2019	Perfluorooctanoic acid	DTXSID8031865	PFOA	CC	1	100119	0.00071	10	Unknown	1	22224.467	NA	5014.086	GCMS	Agilent 8890 GC w 7010 triple quadrupole	RT	CC4 - 0.217 pg/uL	20200402_PFAS_UC_PFOA_PFOS.xlsx	PFOA 10-1-19	0.2256
20191001_PFAS_Set1_PPB_UC_Sample102	April2019	Perfluorooctanoic acid	DTXSID8031865	PFOA	CC	1	100119	0.00114	10	Unknown	1	23369.984	NA	6336.589	GCMS	Agilent 8890 GC w 7010 triple quadrupole	RT	CC5 - 0.347 pg/uL	20200402_PFAS_UC_PFOA_PFOS.xlsx	PFOA 10-1-19	0.2711
20191001_PFAS_Set1_PPB_UC_Sample103	April2019	Perfluorooctanoic acid	DTXSID8031865	PFOA	CC	1	100119	0.00182	10	Unknown	1	22760.492	NA	9765.523	GCMS	Agilent 8890 GC w 7010 triple quadrupole	RT	CC6 - 0.555 pg/uL	20200402_PFAS_UC_PFOA_PFOS.xlsx	PFOA 10-1-19	0.4291
20190723_PFAS_Set1_PPB_UC_Sample003	April2019	Perfluorooctanesulfonic acid	DTXSID3031864	PFOS	CC	1	072319	0	10	Unknown	1	4806.589	NA	1009.615	GCMS	Agilent 8890 GC w 7010 triple quadrupole	RT	Crash Mixed Matrix Blank	20200402_PFAS_UC_PFOA_PFOS.xlsx	PFOS 7-23-19	0.21
20190723_PFAS_Set1_PPB_UC_Sample005	April2019	Perfluorooctanesulfonic acid	DTXSID3031864	PFOS	CC	1	072319	0.00017	10	Unknown	1	4570.31	NA	1199.192	GCMS	Agilent 8890 GC w 7010 triple quadrupole	RT	CC1 - 0.053 pg/uL	20200402_PFAS_UC_PFOA_PFOS.xlsx	PFOS 7-23-19	0.2624
20190723_PFAS_Set1_PPB_UC_Sample006	April2019	Perfluorooctanesulfonic acid	DTXSID3031864	PFOS	CC	1	072319	0.00028	10	Unknown	1	4877.833	NA	1525.408	GCMS	Agilent 8890 GC w 7010 triple quadrupole	RT	CC2 - 0.085 pg/uL	20200402_PFAS_UC_PFOA_PFOS.xlsx	PFOS 7-23-19	0.3127
20190723_PFAS_Set1_PPB_UC_Sample007	April2019	Perfluorooctanesulfonic acid	DTXSID3031864	PFOS	CC	1	072319	0.00044	10	Unknown	1	4545.023	NA	1875.038	GCMS	Agilent 8890 GC w 7010 triple quadrupole	RT	CC3 - 0.135 pg/uL	20200402_PFAS_UC_PFOA_PFOS.xlsx	PFOS 7-23-19	0.4125
20190723_PFAS_Set1_PPB_UC_Sample008	April2019	Perfluorooctanesulfonic acid	DTXSID3031864	PFOS	CC	1	072319	0.00071	10	Unknown	1	4744.526	NA	2576.189	GCMS	Agilent 8890 GC w 7010 triple quadrupole	RT	CC4 - 0.217 pg/uL	20200402_PFAS_UC_PFOA_PFOS.xlsx	PFOS 7-23-19	0.543
20190723_PFAS_Set1_PPB_UC_Sample009	April2019	Perfluorooctanesulfonic acid	DTXSID3031864	PFOS	CC	1	072319	0.00114	10	Unknown	1	3900.91	NA	3194.953	GCMS	Agilent 8890 GC w 7010 triple quadrupole	RT	CC5 - 0.347 pg/uL	20200402_PFAS_UC_PFOA_PFOS.xlsx	PFOS 7-23-19	0.819
20190723_PFAS_Set1_PPB_UC_Sample010	April2019	Perfluorooctanesulfonic acid	DTXSID3031864	PFOS	CC	1	072319	0.00182	10	Unknown	1	4893.265	NA	5059.134	GCMS	Agilent 8890 GC w 7010 triple quadrupole	RT	CC6 - 0.555 pg/uL	20200402_PFAS_UC_PFOA_PFOS.xlsx	PFOS 7-23-19	1.034
20190723_PFAS_Set1_PPB_UC_Sample012	April2019	Perfluorooctanesulfonic acid	DTXSID3031864	PFOS	CC	1	072319	0.00291	10	Unknown	1	3815.292	NA	6070.205	GCMS	Agilent 8890 GC w 7010 triple quadrupole	RT	CC7 - 0.888 pg/uL	20200402_PFAS_UC_PFOA_PFOS.xlsx	PFOS 7-23-19	1.591
20190723_PFAS_Set1_PPB_UC_Sample013	April2019	Perfluorooctanesulfonic acid	DTXSID3031864	PFOS	CC	1	072319	0.00466	10	Unknown	1	4188.543	NA	10465.979	GCMS	Agilent 8890 GC w 7010 triple quadrupole	RT	CC8 - 1.420 pg/uL	20200402_PFAS_UC_PFOA_PFOS.xlsx	PFOS 7-23-19	2.499
20190723_PFAS_Set1_PPB_UC_Sample014	April2019	Perfluorooctanesulfonic acid	DTXSID3031864	PFOS	CC	1	072319	0.00745	10	Unknown	1	4215.595	NA	15501.992	GCMS	Agilent 8890 GC w 7010 triple quadrupole	RT	CC9 - 2.272 pg/uL	20200402_PFAS_UC_PFOA_PFOS.xlsx	PFOS 7-23-19	3.677
20190723_PFAS_Set1_PPB_UC_Sample015	April2019	Perfluorooctanesulfonic acid	DTXSID3031864	PFOS	CC	1	072319	0.01192	10	Unknown	1	4464.039	NA	24881.787	GCMS	Agilent 8890 GC w 7010 triple quadrupole	RT	CC10 - 3.636 pg/uL	20200402_PFAS_UC_PFOA_PFOS.xlsx	PFOS 7-23-19	5.574
20190723_PFAS_Set1_PPB_UC_Sample016	April2019	Perfluorooctanesulfonic acid	DTXSID3031864	PFOS	CC	1	072319	0.01907	10	Unknown	1	4772.246	NA	43306.977	GCMS	Agilent 8890 GC w 7010 triple quadrupole	RT	CC11 - 5.817 pg/uL	20200402_PFAS_UC_PFOA_PFOS.xlsx	PFOS 7-23-19	9.075
20190723_PFAS_Set1_PPB_UC_Sample017	April2019	Perfluorooctanesulfonic acid	DTXSID3031864	PFOS	CC	1	072319	0.03052	10	Unknown	1	4279.935	NA	63791.738	GCMS	Agilent 8890 GC w 7010 triple quadrupole	RT	CC12 - 9.308 pg/uL	20200402_PFAS_UC_PFOA_PFOS.xlsx	PFOS 7-23-19	14.9
20190723_PFAS_Set1_PPB_UC_Sample018	April2019	Perfluorooctanesulfonic acid	DTXSID3031864	PFOS	CC	1	072319	0	10	Unknown	1	4671.296	NA	953.124	GCMS	Agilent 8890 GC w 7010 triple quadrupole	RT	Crash Mixed Matrix Blank	20200402_PFAS_UC_PFOA_PFOS.xlsx	PFOS 7-23-19	0.204
20190723_PFAS_Set1_PPB_UC_Sample019	April2019	Perfluorooctanesulfonic acid	DTXSID3031864	PFOS	CC	1	072319	0.04883	10	Unknown	1	4037.295	NA	99167.109	GCMS	Agilent 8890 GC w 7010 triple quadrupole	RT	CC13 - 14.893 pg/uL	20200402_PFAS_UC_PFOA_PFOS.xlsx	PFOS 7-23-19	24.56
20190723_PFAS_Set1_PPB_UC_Sample020	April2019	Perfluorooctanesulfonic acid	DTXSID3031864	PFOS	CC	1	072319	0.07813	10	Unknown	1	3874.164	NA	142646.734	GCMS	Agilent 8890 GC w 7010 triple quadrupole	RT	CC14 - 23.828 pg/uL	20200402_PFAS_UC_PFOA_PFOS.xlsx	PFOS 7-23-19	36.82
20190723_PFAS_Set1_PPB_UC_Sample021	April2019	Perfluorooctanesulfonic acid	DTXSID3031864	PFOS	CC	1	072319	0.125	10	Unknown	1	3640.731	NA	211309.781	GCMS	Agilent 8890 GC w 7010 triple quadrupole	RT	CC15 - 38.125 pg/uL	20200402_PFAS_UC_PFOA_PFOS.xlsx	PFOS 7-23-19	58.04
20190723_PFAS_Set1_PPB_UC_Sample027	April2019	Perfluorooctanesulfonic acid	DTXSID3031864	PFOS	CC	1	072319	0.00017	10	Unknown	1	4348.564	NA	979.838	GCMS	Agilent 8890 GC w 7010 triple quadrupole	RT	CC1 - 0.053 pg/uL	20200402_PFAS_UC_PFOA_PFOS.xlsx	PFOS 7-23-19	0.2253
20190723_PFAS_Set1_PPB_UC_Sample028	April2019	Perfluorooctanesulfonic acid	DTXSID3031864	PFOS	CC	1	072319	0.00028	10	Unknown	1	4690.764	NA	1624.238	GCMS	Agilent 8890 GC w 7010 triple quadrupole	RT	CC2 - 0.085 pg/uL	20200402_PFAS_UC_PFOA_PFOS.xlsx	PFOS 7-23-19	0.3463
20190723_PFAS_Set1_PPB_UC_Sample029	April2019	Perfluorooctanesulfonic acid	DTXSID3031864	PFOS	CC	1	072319	0.00044	10	Unknown	1	4408.232	NA	1780.517	GCMS	Agilent 8890 GC w 7010 triple quadrupole	RT	CC3 - 0.135 pg/uL	20200402_PFAS_UC_PFOA_PFOS.xlsx	PFOS 7-23-19	0.4039
20190723_PFAS_Set1_PPB_UC_Sample031	April2019	Perfluorooctanesulfonic acid	DTXSID3031864	PFOS	CC	1	072319	0	10	Unknown	1	5021.077	NA	1003.052	GCMS	Agilent 8890 GC w 7010 triple quadrupole	RT	Crash Mixed Matrix Blank	20200402_PFAS_UC_PFOA_PFOS.xlsx	PFOS 7-23-19	0.1998
20190723_PFAS_Set1_PPB_UC_Sample034	April2019	Perfluorooctanesulfonic acid	DTXSID3031864	PFOS	AF	32	072319	NA	10	Unknown	1	6439.171	1	24023.287	GCMS	Agilent 8890 GC w 7010 triple quadrupole	RT	UC_UF_Mix2_A	20200402_PFAS_UC_PFOA_PFOS.xlsx	PFOS 7-23-19	3.731
20190723_PFAS_Set1_PPB_UC_Sample035	April2019	Perfluorooctanesulfonic acid	DTXSID3031864	PFOS	AF	32	072319	NA	10	Unknown	1	7462.506	1	10992.332	GCMS	Agilent 8890 GC w 7010 triple quadrupole	RT	UC_UF_Mix2_B	20200402_PFAS_UC_PFOA_PFOS.xlsx	PFOS 7-23-19	1.473
20190723_PFAS_Set1_PPB_UC_Sample036	April2019	Perfluorooctanesulfonic acid	DTXSID3031864	PFOS	AF	32	072319	NA	10	Unknown	1	7114.665	1	10931.233	GCMS	Agilent 8890 GC w 7010 triple quadrupole	RT	UC_UF_Mix2_C	20200402_PFAS_UC_PFOA_PFOS.xlsx	PFOS 7-23-19	1.536
20190723_PFAS_Set1_PPB_UC_Sample038	April2019	Perfluorooctanesulfonic acid	DTXSID3031864	PFOS	CC	1	072319	0	10	Unknown	1	4748.475	NA	1077.027	GCMS	Agilent 8890 GC w 7010 triple quadrupole	RT	Crash Mixed Matrix Blank	20200402_PFAS_UC_PFOA_PFOS.xlsx	PFOS 7-23-19	0.2268
20190723_PFAS_Set1_PPB_UC_Sample044	April2019	Perfluorooctanesulfonic acid	DTXSID3031864	PFOS	T1	80	072319	NA	10	Unknown	1	2851.506	1	261751.172	GCMS	Agilent 8890 GC w 7010 triple quadrupole	RT	UC_T1hr_Mix2_A	20200402_PFAS_UC_PFOA_PFOS.xlsx	PFOS 7-23-19	91.79
20190723_PFAS_Set1_PPB_UC_Sample046	April2019	Perfluorooctanesulfonic acid	DTXSID3031864	PFOS	T1	80	072319	NA	10	Unknown	1	3256.953	1	285861.813	GCMS	Agilent 8890 GC w 7010 triple quadrupole	RT	UC_T1hr_Mix2_B	20200402_PFAS_UC_PFOA_PFOS.xlsx	PFOS 7-23-19	87.77
20190723_PFAS_Set1_PPB_UC_Sample047	April2019	Perfluorooctanesulfonic acid	DTXSID3031864	PFOS	T1	80	072319	NA	10	Unknown	1	3159.588	1	266268.469	GCMS	Agilent 8890 GC w 7010 triple quadrupole	RT	UC_T1hr_Mix2_C	20200402_PFAS_UC_PFOA_PFOS.xlsx	PFOS 7-23-19	84.27
20190723_PFAS_Set1_PPB_UC_Sample055	April2019	Perfluorooctanesulfonic acid	DTXSID3031864	PFOS	T5	80	072319	NA	10	Unknown	1	4047.235	1	351050.094	GCMS	Agilent 8890 GC w 7010 triple quadrupole	RT	UC_T5hr_Mix2_A	20200402_PFAS_UC_PFOA_PFOS.xlsx	PFOS 7-23-19	86.74
20190723_PFAS_Set1_PPB_UC_Sample056	April2019	Perfluorooctanesulfonic acid	DTXSID3031864	PFOS	T5	80	072319	NA	10	Unknown	1	5180	1	473837.875	GCMS	Agilent 8890 GC w 7010 triple quadrupole	RT	UC_T5hr_Mix2_B	20200402_PFAS_UC_PFOA_PFOS.xlsx	PFOS 7-23-19	91.47
20190723_PFAS_Set1_PPB_UC_Sample057	April2019	Perfluorooctanesulfonic acid	DTXSID3031864	PFOS	T5	80	072319	NA	10	Unknown	1	4400.548	1	394771.219	GCMS	Agilent 8890 GC w 7010 triple quadrupole	RT	UC_T5hr_Mix2_C	20200402_PFAS_UC_PFOA_PFOS.xlsx	PFOS 7-23-19	89.71
20190723_PFAS_Set1_PPB_UC_Sample059	April2019	Perfluorooctanesulfonic acid	DTXSID3031864	PFOS	CC	1	072319	0	10	Unknown	1	4779.714	NA	1083.335	GCMS	Agilent 8890 GC w 7010 triple quadrupole	RT	Crash Mixed Matrix Blank	20200402_PFAS_UC_PFOA_PFOS.xlsx	PFOS 7-23-19	0.2267
20190723_PFAS_Set1_PPB_UC_Sample062	April2019	Perfluorooctanesulfonic acid	DTXSID3031864	PFOS	CC	1	072319	0	10	Unknown	1	4815.863	NA	1048.383	GCMS	Agilent 8890 GC w 7010 triple quadrupole	RT	Crash Mixed Matrix Blank	20200402_PFAS_UC_PFOA_PFOS.xlsx	PFOS 7-23-19	0.2177
20190723_PFAS_Set1_PPB_UC_Sample064	April2019	Perfluorooctanesulfonic acid	DTXSID3031864	PFOS	CC	1	072319	0.00017	10	Unknown	1	4519.231	NA	1141.379	GCMS	Agilent 8890 GC w 7010 triple quadrupole	RT	CC1 - 0.053 pg/uL	20200402_PFAS_UC_PFOA_PFOS.xlsx	PFOS 7-23-19	0.2526
20190723_PFAS_Set1_PPB_UC_Sample065	April2019	Perfluorooctanesulfonic acid	DTXSID3031864	PFOS	CC	1	072319	0.00028	10	Unknown	1	4806.398	NA	1414.136	GCMS	Agilent 8890 GC w 7010 triple quadrupole	RT	CC2 - 0.085 pg/uL	20200402_PFAS_UC_PFOA_PFOS.xlsx	PFOS 7-23-19	0.2942
20190723_PFAS_Set1_PPB_UC_Sample066	April2019	Perfluorooctanesulfonic acid	DTXSID3031864	PFOS	CC	1	072319	0.00044	10	Unknown	1	4501.1	NA	1760.855	GCMS	Agilent 8890 GC w 7010 triple quadrupole	RT	CC3 - 0.135 pg/uL	20200402_PFAS_UC_PFOA_PFOS.xlsx	PFOS 7-23-19	0.3912
20190723_PFAS_Set1_PPB_UC_Sample067	April2019	Perfluorooctanesulfonic acid	DTXSID3031864	PFOS	CC	1	072319	0.00071	10	Unknown	1	4534.586	NA	2546.362	GCMS	Agilent 8890 GC w 7010 triple quadrupole	RT	CC4 - 0.217 pg/uL	20200402_PFAS_UC_PFOA_PFOS.xlsx	PFOS 7-23-19	0.5615
20190723_PFAS_Set1_PPB_UC_Sample068	April2019	Perfluorooctanesulfonic acid	DTXSID3031864	PFOS	CC	1	072319	0.00114	10	Unknown	1	4083.017	NA	3090.795	GCMS	Agilent 8890 GC w 7010 triple quadrupole	RT	CC5 - 0.347 pg/uL	20200402_PFAS_UC_PFOA_PFOS.xlsx	PFOS 7-23-19	0.757
20190723_PFAS_Set1_PPB_UC_Sample070	April2019	Perfluorooctanesulfonic acid	DTXSID3031864	PFOS	CC	1	072319	0.00182	10	Unknown	1	4958.164	NA	5101.944	GCMS	Agilent 8890 GC w 7010 triple quadrupole	RT	CC6 - 0.555 pg/uL	20200402_PFAS_UC_PFOA_PFOS.xlsx	PFOS 7-23-19	1.029
20190723_PFAS_Set1_PPB_UC_Sample071	April2019	Perfluorooctanesulfonic acid	DTXSID3031864	PFOS	CC	1	072319	0.00291	10	Unknown	1	3721.68	NA	6117.619	GCMS	Agilent 8890 GC w 7010 triple quadrupole	RT	CC7 - 0.888 pg/uL	20200402_PFAS_UC_PFOA_PFOS.xlsx	PFOS 7-23-19	1.644
20190723_PFAS_Set1_PPB_UC_Sample072	April2019	Perfluorooctanesulfonic acid	DTXSID3031864	PFOS	CC	1	072319	0.00466	10	Unknown	1	4441.419	NA	10801.577	GCMS	Agilent 8890 GC w 7010 triple quadrupole	RT	CC8 - 1.420 pg/uL	20200402_PFAS_UC_PFOA_PFOS.xlsx	PFOS 7-23-19	2.432
20190723_PFAS_Set1_PPB_UC_Sample073	April2019	Perfluorooctanesulfonic acid	DTXSID3031864	PFOS	CC	1	072319	0.00745	10	Unknown	1	4280.15	NA	15160.279	GCMS	Agilent 8890 GC w 7010 triple quadrupole	RT	CC9 - 2.272 pg/uL	20200402_PFAS_UC_PFOA_PFOS.xlsx	PFOS 7-23-19	3.542
20190723_PFAS_Set1_PPB_UC_Sample074	April2019	Perfluorooctanesulfonic acid	DTXSID3031864	PFOS	CC	1	072319	0.01192	10	Unknown	1	4457.545	NA	25088.031	GCMS	Agilent 8890 GC w 7010 triple quadrupole	RT	CC10 - 3.636 pg/uL	20200402_PFAS_UC_PFOA_PFOS.xlsx	PFOS 7-23-19	5.628
20190723_PFAS_Set1_PPB_UC_Sample075	April2019	Perfluorooctanesulfonic acid	DTXSID3031864	PFOS	CC	1	072319	0.01907	10	Unknown	1	4714.611	NA	42925.777	GCMS	Agilent 8890 GC w 7010 triple quadrupole	RT	CC11 - 5.817 pg/uL	20200402_PFAS_UC_PFOA_PFOS.xlsx	PFOS 7-23-19	9.105
20190723_PFAS_Set1_PPB_UC_Sample076	April2019	Perfluorooctanesulfonic acid	DTXSID3031864	PFOS	CC	1	072319	0	10	Unknown	1	4697.864	NA	1021.139	GCMS	Agilent 8890 GC w 7010 triple quadrupole	RT	Crash Mixed Matrix Blank	20200402_PFAS_UC_PFOA_PFOS.xlsx	PFOS 7-23-19	0.2174
20190723_PFAS_Set1_PPB_UC_Sample077	April2019	Perfluorooctanesulfonic acid	DTXSID3031864	PFOS	CC	1	072319	0.03052	10	Unknown	1	4105.327	NA	63390.488	GCMS	Agilent 8890 GC w 7010 triple quadrupole	RT	CC12 - 9.308 pg/uL	20200402_PFAS_UC_PFOA_PFOS.xlsx	PFOS 7-23-19	15.44
20190723_PFAS_Set1_PPB_UC_Sample078	April2019	Perfluorooctanesulfonic acid	DTXSID3031864	PFOS	CC	1	072319	0.04883	10	Unknown	1	3858.078	NA	98352.141	GCMS	Agilent 8890 GC w 7010 triple quadrupole	RT	CC13 - 14.893 pg/uL	20200402_PFAS_UC_PFOA_PFOS.xlsx	PFOS 7-23-19	25.49
20190723_PFAS_Set1_PPB_UC_Sample079	April2019	Perfluorooctanesulfonic acid	DTXSID3031864	PFOS	CC	1	072319	0.07813	10	Unknown	1	3981.603	NA	141297.344	GCMS	Agilent 8890 GC w 7010 triple quadrupole	RT	CC14 - 23.828 pg/uL	20200402_PFAS_UC_PFOA_PFOS.xlsx	PFOS 7-23-19	35.49
20190723_PFAS_Set1_PPB_UC_Sample080	April2019	Perfluorooctanesulfonic acid	DTXSID3031864	PFOS	CC	1	072319	0.125	10	Unknown	1	3870.588	NA	211272.156	GCMS	Agilent 8890 GC w 7010 triple quadrupole	RT	CC15 - 38.125 pg/uL	20200402_PFAS_UC_PFOA_PFOS.xlsx	PFOS 7-23-19	54.58
20190723_PFAS_Set1_PPB_UC_Sample087	April2019	Perfluorooctanesulfonic acid	DTXSID3031864	PFOS	CC	1	072319	0	10	Unknown	1	4624	NA	1126.709	GCMS	Agilent 8890 GC w 7010 triple quadrupole	RT	Crash Mixed Matrix Blank	20200402_PFAS_UC_PFOA_PFOS.xlsx	PFOS 7-23-19	0.2437
20190723_PFAS_Set1_PPB_UC_Sample088	April2019	Perfluorooctanesulfonic acid	DTXSID3031864	PFOS	CC	1	072319	0	10	Unknown	1	4655.258	NA	985.814	GCMS	Agilent 8890 GC w 7010 triple quadrupole	RT	Crash Mixed Matrix Blank	20200402_PFAS_UC_PFOA_PFOS.xlsx	PFOS 7-23-19	0.2118
20190723_PFAS_Set1_PPB_UC_Sample089	April2019	Perfluorooctanesulfonic acid	DTXSID3031864	PFOS	CC	1	072319	0	10	Unknown	1	4774.83	NA	1098.725	GCMS	Agilent 8890 GC w 7010 triple quadrupole	RT	Crash Mixed Matrix Blank	20200402_PFAS_UC_PFOA_PFOS.xlsx	PFOS 7-23-19	0.2301
20200107_PFAS_PPB_UC_Sample005	April2019	Perfluorooctanesulfonic acid	DTXSID3031864	PFOS	CC	1	010720	0	10	Unknown	1	1055.064	NA	232.785	GCMS	Agilent 8890 GC w 7010 triple quadrupole	RT	Crash Mixed Matrix Blank	20200402_PFAS_UC_PFOA_PFOS.xlsx	PFOS 1-7-2020	0.2206
20200107_PFAS_PPB_UC_Sample007	April2019	Perfluorooctanesulfonic acid	DTXSID3031864	PFOS	CC	1	010720	0.00017	10	Unknown	1	758.272	NA	217.428	GCMS	Agilent 8890 GC w 7010 triple quadrupole	RT	CC1 - 0.053 pg/uL	20200402_PFAS_UC_PFOA_PFOS.xlsx	PFOS 1-7-2020	0.2867
20200107_PFAS_PPB_UC_Sample008	April2019	Perfluorooctanesulfonic acid	DTXSID3031864	PFOS	CC	1	010720	0.00028	10	Unknown	1	869.018	NA	365.844	GCMS	Agilent 8890 GC w 7010 triple quadrupole	RT	CC2 - 0.085 pg/uL	20200402_PFAS_UC_PFOA_PFOS.xlsx	PFOS 1-7-2020	0.421
20200107_PFAS_PPB_UC_Sample009	April2019	Perfluorooctanesulfonic acid	DTXSID3031864	PFOS	CC	1	010720	0.00044	10	Unknown	1	1264.781	NA	458.689	GCMS	Agilent 8890 GC w 7010 triple quadrupole	RT	CC3 - 0.135 pg/uL	20200402_PFAS_UC_PFOA_PFOS.xlsx	PFOS 1-7-2020	0.3627
20200107_PFAS_PPB_UC_Sample010	April2019	Perfluorooctanesulfonic acid	DTXSID3031864	PFOS	CC	1	010720	0.00071	10	Unknown	1	600.029	NA	263.429	GCMS	Agilent 8890 GC w 7010 triple quadrupole	RT	CC4 - 0.217 pg/uL	20200402_PFAS_UC_PFOA_PFOS.xlsx	PFOS 1-7-2020	0.439
20200107_PFAS_PPB_UC_Sample011	April2019	Perfluorooctanesulfonic acid	DTXSID3031864	PFOS	CC	1	010720	0.00114	10	Unknown	1	951.161	NA	1181.869	GCMS	Agilent 8890 GC w 7010 triple quadrupole	RT	CC5 - 0.347 pg/uL	20200402_PFAS_UC_PFOA_PFOS.xlsx	PFOS 1-7-2020	1.243
20200107_PFAS_PPB_UC_Sample012	April2019	Perfluorooctanesulfonic acid	DTXSID3031864	PFOS	CC	1	010720	0.00182	10	Unknown	1	1057.261	NA	2059.719	GCMS	Agilent 8890 GC w 7010 triple quadrupole	RT	CC6 - 0.555 pg/uL	20200402_PFAS_UC_PFOA_PFOS.xlsx	PFOS 1-7-2020	1.948
20200107_PFAS_PPB_UC_Sample014	April2019	Perfluorooctanesulfonic acid	DTXSID3031864	PFOS	CC	1	010720	0.00291	10	Unknown	1	1027.881	NA	2383.51	GCMS	Agilent 8890 GC w 7010 triple quadrupole	RT	CC7 - 0.888 pg/uL	20200402_PFAS_UC_PFOA_PFOS.xlsx	PFOS 1-7-2020	2.319
20200107_PFAS_PPB_UC_Sample015	April2019	Perfluorooctanesulfonic acid	DTXSID3031864	PFOS	CC	1	010720	0.00466	10	Unknown	1	1261.918	NA	4313.747	GCMS	Agilent 8890 GC w 7010 triple quadrupole	RT	CC8 - 1.420 pg/uL	20200402_PFAS_UC_PFOA_PFOS.xlsx	PFOS 1-7-2020	3.418
20200107_PFAS_PPB_UC_Sample016	April2019	Perfluorooctanesulfonic acid	DTXSID3031864	PFOS	CC	1	010720	0.00745	10	Unknown	1	1099.431	NA	5926.326	GCMS	Agilent 8890 GC w 7010 triple quadrupole	RT	CC9 - 2.272 pg/uL	20200402_PFAS_UC_PFOA_PFOS.xlsx	PFOS 1-7-2020	5.39
20200107_PFAS_PPB_UC_Sample017	April2019	Perfluorooctanesulfonic acid	DTXSID3031864	PFOS	CC	1	010720	0.01192	10	Unknown	1	1171.478	NA	11595.044	GCMS	Agilent 8890 GC w 7010 triple quadrupole	RT	CC10 - 3.636 pg/uL	20200402_PFAS_UC_PFOA_PFOS.xlsx	PFOS 1-7-2020	9.898
20200107_PFAS_PPB_UC_Sample018	April2019	Perfluorooctanesulfonic acid	DTXSID3031864	PFOS	CC	1	010720	0.01907	10	Unknown	1	1186.756	NA	18574.811	GCMS	Agilent 8890 GC w 7010 triple quadrupole	RT	CC11 - 5.817 pg/uL	20200402_PFAS_UC_PFOA_PFOS.xlsx	PFOS 1-7-2020	15.65
20200107_PFAS_PPB_UC_Sample019	April2019	Perfluorooctanesulfonic acid	DTXSID3031864	PFOS	CC	1	010720	0.03052	10	Unknown	1	648.387	NA	15326.643	GCMS	Agilent 8890 GC w 7010 triple quadrupole	RT	CC12 - 9.308 pg/uL	20200402_PFAS_UC_PFOA_PFOS.xlsx	PFOS 1-7-2020	23.64
20200107_PFAS_PPB_UC_Sample020	April2019	Perfluorooctanesulfonic acid	DTXSID3031864	PFOS	CC	1	010720	0	10	Unknown	1	874.774	NA	344.658	GCMS	Agilent 8890 GC w 7010 triple quadrupole	RT	Crash Mixed Matrix Blank	20200402_PFAS_UC_PFOA_PFOS.xlsx	PFOS 1-7-2020	0.394
20200107_PFAS_PPB_UC_Sample021	April2019	Perfluorooctanesulfonic acid	DTXSID3031864	PFOS	CC	1	010720	0.04883	10	Unknown	1	439.435	NA	14382.455	GCMS	Agilent 8890 GC w 7010 triple quadrupole	RT	CC13 - 14.893 pg/uL	20200402_PFAS_UC_PFOA_PFOS.xlsx	PFOS 1-7-2020	32.73
20200107_PFAS_PPB_UC_Sample022	April2019	Perfluorooctanesulfonic acid	DTXSID3031864	PFOS	CC	1	010720	0.07813	10	Unknown	1	540.118	NA	25278.754	GCMS	Agilent 8890 GC w 7010 triple quadrupole	RT	CC14 - 23.828 pg/uL	20200402_PFAS_UC_PFOA_PFOS.xlsx	PFOS 1-7-2020	46.8
20200107_PFAS_PPB_UC_Sample023	April2019	Perfluorooctanesulfonic acid	DTXSID3031864	PFOS	CC	1	010720	0.125	10	Unknown	1	697.303	NA	39914.961	GCMS	Agilent 8890 GC w 7010 triple quadrupole	RT	CC15 - 38.125 pg/uL	20200402_PFAS_UC_PFOA_PFOS.xlsx	PFOS 1-7-2020	57.24
20200107_PFAS_PPB_UC_Sample024	April2019	Perfluorooctanesulfonic acid	DTXSID3031864	PFOS	CC	1	010720	0.15625	10	Unknown	1	645.252	NA	67227.344	GCMS	Agilent 8890 GC w 7010 triple quadrupole	RT	CC16 - 47.656 pg/uL	20200402_PFAS_UC_PFOA_PFOS.xlsx	PFOS 1-7-2020	104.2
20200107_PFAS_PPB_UC_Sample025	April2019	Perfluorooctanesulfonic acid	DTXSID3031864	PFOS	CC	1	010720	0.25	10	Unknown	1	578.473	NA	86555.281	GCMS	Agilent 8890 GC w 7010 triple quadrupole	RT	CC17 - 76.250 pg/uL	20200402_PFAS_UC_PFOA_PFOS.xlsx	PFOS 1-7-2020	149.6
20200107_PFAS_PPB_UC_Sample032	April2019	Perfluorooctanesulfonic acid	DTXSID3031864	PFOS	CC	1	010720	0.00017	10	Unknown	1	1043.125	NA	392.721	GCMS	Agilent 8890 GC w 7010 triple quadrupole	RT	CC1 - 0.053 pg/uL	20200402_PFAS_UC_PFOA_PFOS.xlsx	PFOS 1-7-2020	0.3765
20200107_PFAS_PPB_UC_Sample033	April2019	Perfluorooctanesulfonic acid	DTXSID3031864	PFOS	CC	1	010720	0.00028	10	Unknown	1	965.245	NA	553.888	GCMS	Agilent 8890 GC w 7010 triple quadrupole	RT	CC2 - 0.085 pg/uL	20200402_PFAS_UC_PFOA_PFOS.xlsx	PFOS 1-7-2020	0.5738
20200107_PFAS_PPB_UC_Sample034	April2019	Perfluorooctanesulfonic acid	DTXSID3031864	PFOS	CC	1	010720	0.00044	10	Unknown	1	510.047	NA	337.703	GCMS	Agilent 8890 GC w 7010 triple quadrupole	RT	CC3 - 0.135 pg/uL	20200402_PFAS_UC_PFOA_PFOS.xlsx	PFOS 1-7-2020	0.6621
20200107_PFAS_PPB_UC_Sample035	April2019	Perfluorooctanesulfonic acid	DTXSID3031864	PFOS	CC	1	010720	0.00071	10	Unknown	1	812.349	NA	637.716	GCMS	Agilent 8890 GC w 7010 triple quadrupole	RT	CC4 - 0.217 pg/uL	20200402_PFAS_UC_PFOA_PFOS.xlsx	PFOS 1-7-2020	0.785
20200107_PFAS_PPB_UC_Sample036	April2019	Perfluorooctanesulfonic acid	DTXSID3031864	PFOS	CC	1	010720	0.00114	10	Unknown	1	814.05	NA	829.61	GCMS	Agilent 8890 GC w 7010 triple quadrupole	RT	CC5 - 0.347 pg/uL	20200402_PFAS_UC_PFOA_PFOS.xlsx	PFOS 1-7-2020	1.019
20200107_PFAS_PPB_UC_Sample037	April2019	Perfluorooctanesulfonic acid	DTXSID3031864	PFOS	CC	1	010720	0.00182	10	Unknown	1	74.747	NA	110.478	GCMS	Agilent 8890 GC w 7010 triple quadrupole	RT	CC6 - 0.555 pg/uL	20200402_PFAS_UC_PFOA_PFOS.xlsx	PFOS 1-7-2020	1.478
20200107_PFAS_PPB_UC_Sample038	April2019	Perfluorooctanesulfonic acid	DTXSID3031864	PFOS	CC	1	010720	0	10	Unknown	1	8.589	NA	8.474	GCMS	Agilent 8890 GC w 7010 triple quadrupole	RT	Crash Mixed Matrix Blank	20200402_PFAS_UC_PFOA_PFOS.xlsx	PFOS 1-7-2020	0.9866
20200107_PFAS_PPB_UC_Sample045	April2019	Perfluorooctanesulfonic acid	DTXSID3031864	PFOS	CC	1	010720	0	10	Unknown	1	759.308	NA	0.909	GCMS	Agilent 8890 GC w 7010 triple quadrupole	RT	Crash Mixed Matrix Blank	20200402_PFAS_UC_PFOA_PFOS.xlsx	PFOS 1-7-2020	0.001197
20200107_PFAS_PPB_UC_Sample046	April2019	Perfluorooctanesulfonic acid	DTXSID3031864	PFOS	AF	32	010720	NA	10	Unknown	1	1288.982	1	1065.658	GCMS	Agilent 8890 GC w 7010 triple quadrupole	RT	UC_UF_Mix3_A	20200402_PFAS_UC_PFOA_PFOS.xlsx	PFOS 1-7-2020	0.8267
20200107_PFAS_PPB_UC_Sample047	April2019	Perfluorooctanesulfonic acid	DTXSID3031864	PFOS	AF	32	010720	NA	10	Unknown	1	88.64	1	94.978	GCMS	Agilent 8890 GC w 7010 triple quadrupole	RT	UC_UF_Mix3_B	20200402_PFAS_UC_PFOA_PFOS.xlsx	PFOS 1-7-2020	1.072
20200107_PFAS_PPB_UC_Sample048	April2019	Perfluorooctanesulfonic acid	DTXSID3031864	PFOS	AF	32	010720	NA	10	Unknown	1	1109.342	1	830.57	GCMS	Agilent 8890 GC w 7010 triple quadrupole	RT	UC_UF_Mix3_C	20200402_PFAS_UC_PFOA_PFOS.xlsx	PFOS 1-7-2020	0.7487
20200107_PFAS_PPB_UC_Sample056	April2019	Perfluorooctanesulfonic acid	DTXSID3031864	PFOS	T1	80	010720	NA	10	Unknown	1	1371.417	1	85812.242	GCMS	Agilent 8890 GC w 7010 triple quadrupole	RT	UC_T1hr_Mix3_A	20200402_PFAS_UC_PFOA_PFOS.xlsx	PFOS 1-7-2020	62.57
20200107_PFAS_PPB_UC_Sample057	April2019	Perfluorooctanesulfonic acid	DTXSID3031864	PFOS	T1	80	010720	NA	10	Unknown	1	1065.147	1	75307.406	GCMS	Agilent 8890 GC w 7010 triple quadrupole	RT	UC_T1hr_Mix3_B	20200402_PFAS_UC_PFOA_PFOS.xlsx	PFOS 1-7-2020	70.7
20200107_PFAS_PPB_UC_Sample058	April2019	Perfluorooctanesulfonic acid	DTXSID3031864	PFOS	T1	80	010720	NA	10	Unknown	1	1040.139	1	65144.797	GCMS	Agilent 8890 GC w 7010 triple quadrupole	RT	UC_T1hr_Mix3_C	20200402_PFAS_UC_PFOA_PFOS.xlsx	PFOS 1-7-2020	62.63
20200107_PFAS_PPB_UC_Sample066	April2019	Perfluorooctanesulfonic acid	DTXSID3031864	PFOS	CC	1	010720	0	10	Unknown	1	953.73	NA	12.273	GCMS	Agilent 8890 GC w 7010 triple quadrupole	RT	Crash Mixed Matrix Blank	20200402_PFAS_UC_PFOA_PFOS.xlsx	PFOS 1-7-2020	0.01287
20200107_PFAS_PPB_UC_Sample067	April2019	Perfluorooctanesulfonic acid	DTXSID3031864	PFOS	T5	80	010720	NA	10	Unknown	1	727.483	1	58351.215	GCMS	Agilent 8890 GC w 7010 triple quadrupole	RT	UC_T5hr_Mix3_A	20200402_PFAS_UC_PFOA_PFOS.xlsx	PFOS 1-7-2020	80.21
20200107_PFAS_PPB_UC_Sample068	April2019	Perfluorooctanesulfonic acid	DTXSID3031864	PFOS	T5	80	010720	NA	10	Unknown	1	938.421	1	64777.285	GCMS	Agilent 8890 GC w 7010 triple quadrupole	RT	UC_T5hr_Mix3_B	20200402_PFAS_UC_PFOA_PFOS.xlsx	PFOS 1-7-2020	69.03
20200107_PFAS_PPB_UC_Sample069	April2019	Perfluorooctanesulfonic acid	DTXSID3031864	PFOS	T5	80	010720	NA	10	Unknown	1	806.306	1	56145.355	GCMS	Agilent 8890 GC w 7010 triple quadrupole	RT	UC_T5hr_Mix3_C	20200402_PFAS_UC_PFOA_PFOS.xlsx	PFOS 1-7-2020	69.63
20200107_PFAS_PPB_UC_Sample070	April2019	Perfluorooctanesulfonic acid	DTXSID3031864	PFOS	CC	1	010720	0	10	Unknown	1	542.379	NA	4.12	GCMS	Agilent 8890 GC w 7010 triple quadrupole	RT	Crash Mixed Matrix Blank	20200402_PFAS_UC_PFOA_PFOS.xlsx	PFOS 1-7-2020	0.007596
20200107_PFAS_PPB_UC_Sample072	April2019	Perfluorooctanesulfonic acid	DTXSID3031864	PFOS	CC	1	010720	0.00017	10	Unknown	1	729.653	NA	278.836	GCMS	Agilent 8890 GC w 7010 triple quadrupole	RT	CC1 - 0.053 pg/uL	20200402_PFAS_UC_PFOA_PFOS.xlsx	PFOS 1-7-2020	0.3821
20200107_PFAS_PPB_UC_Sample073	April2019	Perfluorooctanesulfonic acid	DTXSID3031864	PFOS	CC	1	010720	0.00028	10	Unknown	1	663.651	NA	344.518	GCMS	Agilent 8890 GC w 7010 triple quadrupole	RT	CC2 - 0.085 pg/uL	20200402_PFAS_UC_PFOA_PFOS.xlsx	PFOS 1-7-2020	0.5191
20200107_PFAS_PPB_UC_Sample074	April2019	Perfluorooctanesulfonic acid	DTXSID3031864	PFOS	CC	1	010720	0.00044	10	Unknown	1	918.222	NA	537.493	GCMS	Agilent 8890 GC w 7010 triple quadrupole	RT	CC3 - 0.135 pg/uL	20200402_PFAS_UC_PFOA_PFOS.xlsx	PFOS 1-7-2020	0.5854
20200107_PFAS_PPB_UC_Sample075	April2019	Perfluorooctanesulfonic acid	DTXSID3031864	PFOS	CC	1	010720	0.00071	10	Unknown	1	477.336	NA	322.629	GCMS	Agilent 8890 GC w 7010 triple quadrupole	RT	CC4 - 0.217 pg/uL	20200402_PFAS_UC_PFOA_PFOS.xlsx	PFOS 1-7-2020	0.6759
20200107_PFAS_PPB_UC_Sample076	April2019	Perfluorooctanesulfonic acid	DTXSID3031864	PFOS	CC	1	010720	0.00114	10	Unknown	1	837.195	NA	582.652	GCMS	Agilent 8890 GC w 7010 triple quadrupole	RT	CC5 - 0.347 pg/uL	20200402_PFAS_UC_PFOA_PFOS.xlsx	PFOS 1-7-2020	0.696
20200107_PFAS_PPB_UC_Sample077	April2019	Perfluorooctanesulfonic acid	DTXSID3031864	PFOS	CC	1	010720	0.00182	10	Unknown	1	858.911	NA	928.006	GCMS	Agilent 8890 GC w 7010 triple quadrupole	RT	CC6 - 0.555 pg/uL	20200402_PFAS_UC_PFOA_PFOS.xlsx	PFOS 1-7-2020	1.08
20200107_PFAS_PPB_UC_Sample079	April2019	Perfluorooctanesulfonic acid	DTXSID3031864	PFOS	CC	1	010720	0.00291	10	Unknown	1	565.088	NA	1402.362	GCMS	Agilent 8890 GC w 7010 triple quadrupole	RT	CC7 - 0.888 pg/uL	20200402_PFAS_UC_PFOA_PFOS.xlsx	PFOS 1-7-2020	2.482
20200107_PFAS_PPB_UC_Sample080	April2019	Perfluorooctanesulfonic acid	DTXSID3031864	PFOS	CC	1	010720	0.00466	10	Unknown	1	646.09	NA	2416.757	GCMS	Agilent 8890 GC w 7010 triple quadrupole	RT	CC8 - 1.420 pg/uL	20200402_PFAS_UC_PFOA_PFOS.xlsx	PFOS 1-7-2020	3.741
20200107_PFAS_PPB_UC_Sample081	April2019	Perfluorooctanesulfonic acid	DTXSID3031864	PFOS	CC	1	010720	0.00745	10	Unknown	1	711.418	NA	3859.957	GCMS	Agilent 8890 GC w 7010 triple quadrupole	RT	CC9 - 2.272 pg/uL	20200402_PFAS_UC_PFOA_PFOS.xlsx	PFOS 1-7-2020	5.426
20200107_PFAS_PPB_UC_Sample082	April2019	Perfluorooctanesulfonic acid	DTXSID3031864	PFOS	CC	1	010720	0.01192	10	Unknown	1	434.433	NA	5164.591	GCMS	Agilent 8890 GC w 7010 triple quadrupole	RT	CC10 - 3.636 pg/uL	20200402_PFAS_UC_PFOA_PFOS.xlsx	PFOS 1-7-2020	11.89
20200107_PFAS_PPB_UC_Sample083	April2019	Perfluorooctanesulfonic acid	DTXSID3031864	PFOS	CC	1	010720	0.01907	10	Unknown	1	1063.898	NA	11825.614	GCMS	Agilent 8890 GC w 7010 triple quadrupole	RT	CC11 - 5.817 pg/uL	20200402_PFAS_UC_PFOA_PFOS.xlsx	PFOS 1-7-2020	11.12
20200107_PFAS_PPB_UC_Sample084	April2019	Perfluorooctanesulfonic acid	DTXSID3031864	PFOS	CC	1	010720	0.03052	10	Unknown	1	1018.753	NA	16128.039	GCMS	Agilent 8890 GC w 7010 triple quadrupole	RT	CC12 - 9.308 pg/uL	20200402_PFAS_UC_PFOA_PFOS.xlsx	PFOS 1-7-2020	15.83
20200107_PFAS_PPB_UC_Sample085	April2019	Perfluorooctanesulfonic acid	DTXSID3031864	PFOS	CC	1	010720	0	10	Unknown	1	876.203	NA	186.723	GCMS	Agilent 8890 GC w 7010 triple quadrupole	RT	Crash Mixed Matrix Blank	20200402_PFAS_UC_PFOA_PFOS.xlsx	PFOS 1-7-2020	0.2131
20200107_PFAS_PPB_UC_Sample086	April2019	Perfluorooctanesulfonic acid	DTXSID3031864	PFOS	CC	1	010720	0.04883	10	Unknown	1	687.858	NA	24647.092	GCMS	Agilent 8890 GC w 7010 triple quadrupole	RT	CC13 - 14.893 pg/uL	20200402_PFAS_UC_PFOA_PFOS.xlsx	PFOS 1-7-2020	35.83
20200107_PFAS_PPB_UC_Sample087	April2019	Perfluorooctanesulfonic acid	DTXSID3031864	PFOS	CC	1	010720	0.07813	10	Unknown	1	722.817	NA	38217.969	GCMS	Agilent 8890 GC w 7010 triple quadrupole	RT	CC14 - 23.828 pg/uL	20200402_PFAS_UC_PFOA_PFOS.xlsx	PFOS 1-7-2020	52.87
20200107_PFAS_PPB_UC_Sample088	April2019	Perfluorooctanesulfonic acid	DTXSID3031864	PFOS	CC	1	010720	0.125	10	Unknown	1	929.474	NA	71571.875	GCMS	Agilent 8890 GC w 7010 triple quadrupole	RT	CC15 - 38.125 pg/uL	20200402_PFAS_UC_PFOA_PFOS.xlsx	PFOS 1-7-2020	77
20200107_PFAS_PPB_UC_Sample089	April2019	Perfluorooctanesulfonic acid	DTXSID3031864	PFOS	CC	1	010720	0.15625	10	Unknown	1	883.526	NA	85627.922	GCMS	Agilent 8890 GC w 7010 triple quadrupole	RT	CC16 - 47.656 pg/uL	20200402_PFAS_UC_PFOA_PFOS.xlsx	PFOS 1-7-2020	96.92
20200107_PFAS_PPB_UC_Sample090	April2019	Perfluorooctanesulfonic acid	DTXSID3031864	PFOS	CC	1	010720	0.25	10	Unknown	1	1017.531	NA	186347.953	GCMS	Agilent 8890 GC w 7010 triple quadrupole	RT	CC17 - 76.250 pg/uL	20200402_PFAS_UC_PFOA_PFOS.xlsx	PFOS 1-7-2020	183.1
20200107_PFAS_PPB_UC_Sample097	April2019	Perfluorooctanesulfonic acid	DTXSID3031864	PFOS	CC	1	010720	0	10	Unknown	1	1135.851	NA	190.795	GCMS	Agilent 8890 GC w 7010 triple quadrupole	RT	Crash Mixed Matrix Blank	20200402_PFAS_UC_PFOA_PFOS.xlsx	PFOS 1-7-2020	0.168
20200107_PFAS_PPB_UC_Sample098	April2019	Perfluorooctanesulfonic acid	DTXSID3031864	PFOS	CC	1	010720	0.00017	10	Unknown	1	1385.589	NA	424.931	GCMS	Agilent 8890 GC w 7010 triple quadrupole	RT	CC1 - 0.053 pg/uL	20200402_PFAS_UC_PFOA_PFOS.xlsx	PFOS 1-7-2020	0.3067
20200107_PFAS_PPB_UC_Sample099	April2019	Perfluorooctanesulfonic acid	DTXSID3031864	PFOS	CC	1	010720	0.00028	10	Unknown	1	1407.663	NA	707.932	GCMS	Agilent 8890 GC w 7010 triple quadrupole	RT	CC2 - 0.085 pg/uL	20200402_PFAS_UC_PFOA_PFOS.xlsx	PFOS 1-7-2020	0.5029
20200107_PFAS_PPB_UC_Sample100	April2019	Perfluorooctanesulfonic acid	DTXSID3031864	PFOS	CC	1	010720	0.00044	10	Unknown	1	1391.458	NA	694.589	GCMS	Agilent 8890 GC w 7010 triple quadrupole	RT	CC3 - 0.135 pg/uL	20200402_PFAS_UC_PFOA_PFOS.xlsx	PFOS 1-7-2020	0.4992
20200107_PFAS_PPB_UC_Sample101	April2019	Perfluorooctanesulfonic acid	DTXSID3031864	PFOS	CC	1	010720	0.00071	10	Unknown	1	1409.701	NA	1044.354	GCMS	Agilent 8890 GC w 7010 triple quadrupole	RT	CC4 - 0.217 pg/uL	20200402_PFAS_UC_PFOA_PFOS.xlsx	PFOS 1-7-2020	0.7408
20200107_PFAS_PPB_UC_Sample102	April2019	Perfluorooctanesulfonic acid	DTXSID3031864	PFOS	CC	1	010720	0.00114	10	Unknown	1	1277.291	NA	1187.282	GCMS	Agilent 8890 GC w 7010 triple quadrupole	RT	CC5 - 0.347 pg/uL	20200402_PFAS_UC_PFOA_PFOS.xlsx	PFOS 1-7-2020	0.9295
20200107_PFAS_PPB_UC_Sample103	April2019	Perfluorooctanesulfonic acid	DTXSID3031864	PFOS	CC	1	010720	0.00182	10	Unknown	1	1336.722	NA	2035.846	GCMS	Agilent 8890 GC w 7010 triple quadrupole	RT	CC6 - 0.555 pg/uL	20200402_PFAS_UC_PFOA_PFOS.xlsx	PFOS 1-7-2020	1.523
20200107_PFAS_PPB_UC_Sample104	April2019	Perfluorooctanesulfonic acid	DTXSID3031864	PFOS	CC	1	010720	0	10	Unknown	1	1101.146	NA	3.737	GCMS	Agilent 8890 GC w 7010 triple quadrupole	RT	Crash Mixed Matrix Blank	20200402_PFAS_UC_PFOA_PFOS.xlsx	PFOS 1-7-2020	0.003394
20200107_PFAS_PPB_UC_Sample105	April2019	Perfluorooctanesulfonic acid	DTXSID3031864	PFOS	CC	1	010720	0	10	Unknown	1	1093.56	NA	1.101	GCMS	Agilent 8890 GC w 7010 triple quadrupole	RT	Crash Mixed Matrix Blank	20200402_PFAS_UC_PFOA_PFOS.xlsx	PFOS 1-7-2020	0.001007
