Lab.Sample.Name	Date	Compound.Name	DTXSID	Lab.Compound.Name	Sample.Type	Dilution.Factor	Calibration	ISTD.Name	ISTD.Conc	ISTD.Area	Area	Analysis.Method	Analysis.Instrument	Analysis.Parameters	Note	Level0.File	Level0.Sheet	Time	Test.Compound.Conc	Clint.Assay.Conc	Hep.Density	Biological.Replicates	Response
20220128_PFAS_Clint_Hep12HLB_Sample003	012822	Phenacetin	DTXSID1021116	phenacetin	Blank	480	1	propranolol-d7	0.01	18189	95.67	LCMS	Unknown	3.83	HLB SPE Blank	Hep12 Data for Uncertainty Feb2022.xlsx	Ref Chem Data	NA	NA	1	0.5	1	5.26e-05
20220128_PFAS_Clint_Hep12HLB_Sample004	012822	Phenacetin	DTXSID1021116	phenacetin	Blank	480	1	propranolol-d7	0.01	17999	254.22	LCMS	Unknown	3.86	HLB SPE Matrix Blank	Hep12 Data for Uncertainty Feb2022.xlsx	Ref Chem Data	NA	NA	1	0.5	1	0.0001412
20220128_PFAS_Clint_Hep12HLB_Sample017	012822	Phenacetin	DTXSID1021116	phenacetin	CC	240	1	propranolol-d7	0.01	18124	56.5	LCMS	Unknown	3.83	HLB CC1	Hep12 Data for Uncertainty Feb2022.xlsx	Ref Chem Data	NA	0.0060456	1	0.5	1	3.117e-05
20220128_PFAS_Clint_Hep12HLB_Sample018	012822	Phenacetin	DTXSID1021116	phenacetin	CC	240	1	propranolol-d7	0.01	18269	82.107	LCMS	Unknown	3.87	HLB CC2	Hep12 Data for Uncertainty Feb2022.xlsx	Ref Chem Data	NA	0.0083328	1	0.5	1	4.494e-05
20220128_PFAS_Clint_Hep12HLB_Sample019	012822	Phenacetin	DTXSID1021116	phenacetin	CC	240	1	propranolol-d7	0.01	18203	162.12	LCMS	Unknown	3.86	HLB CC3	Hep12 Data for Uncertainty Feb2022.xlsx	Ref Chem Data	NA	0.0156672	1	0.5	1	8.906e-05
20220128_PFAS_Clint_Hep12HLB_Sample020	012822	Phenacetin	DTXSID1021116	phenacetin	CC	240	1	propranolol-d7	0.01	17826	152.48	LCMS	Unknown	3.89	HLB CC4	Hep12 Data for Uncertainty Feb2022.xlsx	Ref Chem Data	NA	0.0150816	1	0.5	1	8.554e-05
20220128_PFAS_Clint_Hep12HLB_Sample021	012822	Phenacetin	DTXSID1021116	phenacetin	CC	240	1	propranolol-d7	0.01	18207	325.31	LCMS	Unknown	3.83	HLB CC5	Hep12 Data for Uncertainty Feb2022.xlsx	Ref Chem Data	NA	0.030576	1	0.5	1	0.0001787
20220128_PFAS_Clint_Hep12HLB_Sample022	012822	Phenacetin	DTXSID1021116	phenacetin	CC	240	1	propranolol-d7	0.01	17671	887.88	LCMS	Unknown	3.83	HLB CC6	Hep12 Data for Uncertainty Feb2022.xlsx	Ref Chem Data	NA	0.0845928	1	0.5	1	0.0005025
20220128_PFAS_Clint_Hep12HLB_Sample024	012822	Phenacetin	DTXSID1021116	phenacetin	CC	240	1	propranolol-d7	0.01	17277	1202.4	LCMS	Unknown	3.83	HLB CC7	Hep12 Data for Uncertainty Feb2022.xlsx	Ref Chem Data	NA	0.1169808	1	0.5	1	0.000696
20220128_PFAS_Clint_Hep12HLB_Sample025	012822	Phenacetin	DTXSID1021116	phenacetin	CC	240	1	propranolol-d7	0.01	17545	1294.9	LCMS	Unknown	3.83	HLB CC8	Hep12 Data for Uncertainty Feb2022.xlsx	Ref Chem Data	NA	0.1240296	1	0.5	1	0.000738
20220128_PFAS_Clint_Hep12HLB_Sample026	012822	Phenacetin	DTXSID1021116	phenacetin	CC	240	1	propranolol-d7	0.01	17952	2596.3	LCMS	Unknown	3.83	HLB CC9	Hep12 Data for Uncertainty Feb2022.xlsx	Ref Chem Data	NA	0.2433216	1	0.5	1	0.001446
20220128_PFAS_Clint_Hep12HLB_Sample027	012822	Phenacetin	DTXSID1021116	phenacetin	CC	240	1	propranolol-d7	0.01	17343	2743.7	LCMS	Unknown	3.84	HLB CC10	Hep12 Data for Uncertainty Feb2022.xlsx	Ref Chem Data	NA	0.266328	1	0.5	1	0.001582
20220128_PFAS_Clint_Hep12HLB_Sample028	012822	Phenacetin	DTXSID1021116	phenacetin	CC	240	1	propranolol-d7	0.01	18239	4104.8	LCMS	Unknown	3.83	HLB CC11	Hep12 Data for Uncertainty Feb2022.xlsx	Ref Chem Data	NA	0.3801696	1	0.5	1	0.002251
20220128_PFAS_Clint_Hep12HLB_Sample029	012822	Phenacetin	DTXSID1021116	phenacetin	CC	240	1	propranolol-d7	0.01	17650	11235	LCMS	Unknown	3.83	HLB CC12	Hep12 Data for Uncertainty Feb2022.xlsx	Ref Chem Data	NA	1.1045736	1	0.5	1	0.006365
20220128_PFAS_Clint_Hep12HLB_Sample031	012822	Phenacetin	DTXSID1021116	phenacetin	CC	240	1	propranolol-d7	0.01	18636	12179	LCMS	Unknown	3.83	HLB CC13	Hep12 Data for Uncertainty Feb2022.xlsx	Ref Chem Data	NA	1.1354304	1	0.5	1	0.006535
20220128_PFAS_Clint_Hep12HLB_Sample032	012822	Phenacetin	DTXSID1021116	phenacetin	CC	240	1	propranolol-d7	0.01	18766	25194	LCMS	Unknown	3.84	HLB CC14	Hep12 Data for Uncertainty Feb2022.xlsx	Ref Chem Data	NA	2.4615768	1	0.5	1	0.01343
20220128_PFAS_Clint_Hep12HLB_Sample033	012822	Phenacetin	DTXSID1021116	phenacetin	CC	240	1	propranolol-d7	0.01	18843	44069	LCMS	Unknown	3.83	HLB CC15	Hep12 Data for Uncertainty Feb2022.xlsx	Ref Chem Data	NA	4.7415912	1	0.5	1	0.02339
20220128_PFAS_Clint_Hep12HLB_Sample034	012822	Phenacetin	DTXSID1021116	phenacetin	CC	240	1	propranolol-d7	0.01	18939	58291	LCMS	Unknown	3.83	HLB CC16	Hep12 Data for Uncertainty Feb2022.xlsx	Ref Chem Data	NA	6.9552648	1	0.5	1	0.03078
20220128_PFAS_Clint_Hep12HLB_Sample035	012822	Phenacetin	DTXSID1021116	phenacetin	CC	240	1	propranolol-d7	0.01	18172	61374	LCMS	Unknown	3.83	HLB CC17	Hep12 Data for Uncertainty Feb2022.xlsx	Ref Chem Data	NA	8.1246144	1	0.5	1	0.03377
20220128_PFAS_Clint_Hep12HLB_Sample042	012822	Phenacetin	DTXSID1021116	phenacetin	CC	240	1	propranolol-d7	0.01	18280	1142.3	LCMS	Unknown	3.83	HLB CC7	Hep12 Data for Uncertainty Feb2022.xlsx	Ref Chem Data	NA	0.1050768	1	0.5	1	0.0006249
20220128_PFAS_Clint_Hep12HLB_Sample043	012822	Phenacetin	DTXSID1021116	phenacetin	CC	240	1	propranolol-d7	0.01	17396	1335.4	LCMS	Unknown	3.83	HLB CC8	Hep12 Data for Uncertainty Feb2022.xlsx	Ref Chem Data	NA	0.1289952	1	0.5	1	0.0007676
20220128_PFAS_Clint_Hep12HLB_Sample044	012822	Phenacetin	DTXSID1021116	phenacetin	CC	240	1	propranolol-d7	0.01	18156	2334.5	LCMS	Unknown	3.83	HLB CC9	Hep12 Data for Uncertainty Feb2022.xlsx	Ref Chem Data	NA	0.2162112	1	0.5	1	0.001286
20220128_PFAS_Clint_Hep12HLB_Sample046	012822	Phenacetin	DTXSID1021116	phenacetin	CC	240	1	propranolol-d7	0.01	18091	1387.1	LCMS	Unknown	3.83	HLB CC7	Hep12 Data for Uncertainty Feb2022.xlsx	Ref Chem Data	NA	0.1288416	1	0.5	1	0.0007667
20220128_PFAS_Clint_Hep12HLB_Sample047	012822	Phenacetin	DTXSID1021116	phenacetin	CC	240	1	propranolol-d7	0.01	16409	1083.9	LCMS	Unknown	3.83	HLB CC8	Hep12 Data for Uncertainty Feb2022.xlsx	Ref Chem Data	NA	0.1110456	1	0.5	1	0.0006606
20220128_PFAS_Clint_Hep12HLB_Sample048	012822	Phenacetin	DTXSID1021116	phenacetin	CC	240	1	propranolol-d7	0.01	18875	1971.8	LCMS	Unknown	3.83	HLB CC9	Hep12 Data for Uncertainty Feb2022.xlsx	Ref Chem Data	NA	0.175548	1	0.5	1	0.001045
20220128_PFAS_Clint_Hep12HLB_Sample050	012822	Phenacetin	DTXSID1021116	phenacetin	Cvst	480	1	propranolol-d7	0.01	18282	15251	LCMS	Unknown	3.83	HLB T0-A Living	Hep12 Data for Uncertainty Feb2022.xlsx	Ref Chem Data	0	NA	1	0.5	1	0.008342
20220128_PFAS_Clint_Hep12HLB_Sample051	012822	Phenacetin	DTXSID1021116	phenacetin	Cvst	480	1	propranolol-d7	0.01	17977	6759.1	LCMS	Unknown	3.83	HLB T0-B Living	Hep12 Data for Uncertainty Feb2022.xlsx	Ref Chem Data	0	NA	1	0.5	1	0.00376
20220128_PFAS_Clint_Hep12HLB_Sample052	012822	Phenacetin	DTXSID1021116	phenacetin	Cvst	480	1	propranolol-d7	0.01	19170	10727	LCMS	Unknown	3.83	HLB T0-C Living	Hep12 Data for Uncertainty Feb2022.xlsx	Ref Chem Data	0	NA	1	0.5	1	0.005596
20220128_PFAS_Clint_Hep12HLB_Sample053	012822	Phenacetin	DTXSID1021116	phenacetin	Inactive	480	1	propranolol-d7	0.01	19113	242.88	LCMS	Unknown	3.83	HLB T0-A Inactive	Hep12 Data for Uncertainty Feb2022.xlsx	Ref Chem Data	0	NA	1	0.5	1	0.0001271
20220128_PFAS_Clint_Hep12HLB_Sample054	012822	Phenacetin	DTXSID1021116	phenacetin	Inactive	480	1	propranolol-d7	0.01	18596	8048.1	LCMS	Unknown	3.83	HLB T0-B Inactive	Hep12 Data for Uncertainty Feb2022.xlsx	Ref Chem Data	0	NA	1	0.5	1	0.004328
20220128_PFAS_Clint_Hep12HLB_Sample055	012822	Phenacetin	DTXSID1021116	phenacetin	Inactive	480	1	propranolol-d7	0.01	17334	7206.3	LCMS	Unknown	3.83	HLB T0-C Inactive	Hep12 Data for Uncertainty Feb2022.xlsx	Ref Chem Data	0	NA	1	0.5	1	0.004157
20220128_PFAS_Clint_Hep12HLB_Sample060	012822	Phenacetin	DTXSID1021116	phenacetin	Cvst	480	1	propranolol-d7	0.01	17991	5619.9	LCMS	Unknown	3.83	HLB T15-A	Hep12 Data for Uncertainty Feb2022.xlsx	Ref Chem Data	0.25	NA	1	0.5	1	0.003124
20220128_PFAS_Clint_Hep12HLB_Sample061	012822	Phenacetin	DTXSID1021116	phenacetin	Cvst	480	1	propranolol-d7	0.01	17392	5473.7	LCMS	Unknown	3.83	HLB T15-B	Hep12 Data for Uncertainty Feb2022.xlsx	Ref Chem Data	0.25	NA	1	0.5	1	0.003147
20220128_PFAS_Clint_Hep12HLB_Sample062	012822	Phenacetin	DTXSID1021116	phenacetin	Cvst	480	1	propranolol-d7	0.01	18653	4859.2	LCMS	Unknown	3.83	HLB T15-C	Hep12 Data for Uncertainty Feb2022.xlsx	Ref Chem Data	0.25	NA	1	0.5	1	0.002605
20220128_PFAS_Clint_Hep12HLB_Sample064	012822	Phenacetin	DTXSID1021116	phenacetin	Cvst	480	1	propranolol-d7	0.01	17592	3734	LCMS	Unknown	3.83	HLB T30-A	Hep12 Data for Uncertainty Feb2022.xlsx	Ref Chem Data	0.5	NA	1	0.5	1	0.002123
20220128_PFAS_Clint_Hep12HLB_Sample065	012822	Phenacetin	DTXSID1021116	phenacetin	Cvst	480	1	propranolol-d7	0.01	18455	3649.8	LCMS	Unknown	3.83	HLB T30-B	Hep12 Data for Uncertainty Feb2022.xlsx	Ref Chem Data	0.5	NA	1	0.5	1	0.001978
20220128_PFAS_Clint_Hep12HLB_Sample066	012822	Phenacetin	DTXSID1021116	phenacetin	Cvst	480	1	propranolol-d7	0.01	18146	3580.7	LCMS	Unknown	3.83	HLB T30-C	Hep12 Data for Uncertainty Feb2022.xlsx	Ref Chem Data	0.5	NA	1	0.5	1	0.001973
20220128_PFAS_Clint_Hep12HLB_Sample067	012822	Phenacetin	DTXSID1021116	phenacetin	Cvst	480	1	propranolol-d7	0.01	18081	5707.8	LCMS	Unknown	3.83	HLB T60-A	Hep12 Data for Uncertainty Feb2022.xlsx	Ref Chem Data	1	NA	1	0.5	1	0.003157
20220128_PFAS_Clint_Hep12HLB_Sample068	012822	Phenacetin	DTXSID1021116	phenacetin	Cvst	480	1	propranolol-d7	0.01	18377	8573.4	LCMS	Unknown	3.83	HLB T60-B	Hep12 Data for Uncertainty Feb2022.xlsx	Ref Chem Data	1	NA	1	0.5	1	0.004665
20220128_PFAS_Clint_Hep12HLB_Sample069	012822	Phenacetin	DTXSID1021116	phenacetin	Cvst	480	1	propranolol-d7	0.01	18387	8004.6	LCMS	Unknown	3.83	HLB T60-C	Hep12 Data for Uncertainty Feb2022.xlsx	Ref Chem Data	1	NA	1	0.5	1	0.004353
20220128_PFAS_Clint_Hep12HLB_Sample071	012822	Phenacetin	DTXSID1021116	phenacetin	Cvst	480	1	propranolol-d7	0.01	18234	3814.9	LCMS	Unknown	3.83	HLB T120-A	Hep12 Data for Uncertainty Feb2022.xlsx	Ref Chem Data	2	NA	1	0.5	1	0.002092
20220128_PFAS_Clint_Hep12HLB_Sample072	012822	Phenacetin	DTXSID1021116	phenacetin	Cvst	480	1	propranolol-d7	0.01	18643	1964.5	LCMS	Unknown	3.83	HLB T120-B	Hep12 Data for Uncertainty Feb2022.xlsx	Ref Chem Data	2	NA	1	0.5	1	0.001054
20220128_PFAS_Clint_Hep12HLB_Sample073	012822	Phenacetin	DTXSID1021116	phenacetin	Cvst	480	1	propranolol-d7	0.01	19703	2514.6	LCMS	Unknown	3.83	HLB T120-C	Hep12 Data for Uncertainty Feb2022.xlsx	Ref Chem Data	2	NA	1	0.5	1	0.001276
20220128_PFAS_Clint_Hep12HLB_Sample074	012822	Phenacetin	DTXSID1021116	phenacetin	Cvst	480	1	propranolol-d7	0.01	17978	2163.2	LCMS	Unknown	3.83	HLB T240-A Living	Hep12 Data for Uncertainty Feb2022.xlsx	Ref Chem Data	4	NA	1	0.5	1	0.001203
20220128_PFAS_Clint_Hep12HLB_Sample075	012822	Phenacetin	DTXSID1021116	phenacetin	Cvst	480	1	propranolol-d7	0.01	20397	930.2	LCMS	Unknown	3.83	HLB T240-B Living	Hep12 Data for Uncertainty Feb2022.xlsx	Ref Chem Data	4	NA	1	0.5	1	0.000456
20220128_PFAS_Clint_Hep12HLB_Sample076	012822	Phenacetin	DTXSID1021116	phenacetin	Cvst	480	1	propranolol-d7	0.01	18768	861.38	LCMS	Unknown	3.83	HLB T240-C Living	Hep12 Data for Uncertainty Feb2022.xlsx	Ref Chem Data	4	NA	1	0.5	1	0.000459
20220128_PFAS_Clint_Hep12HLB_Sample078	012822	Phenacetin	DTXSID1021116	phenacetin	Inactive	480	1	propranolol-d7	0.01	18978	12134	LCMS	Unknown	3.83	HLB T240-A Inactive	Hep12 Data for Uncertainty Feb2022.xlsx	Ref Chem Data	4	NA	1	0.5	1	0.006394
20220128_PFAS_Clint_Hep12HLB_Sample079	012822	Phenacetin	DTXSID1021116	phenacetin	Inactive	480	1	propranolol-d7	0.01	20040	12751	LCMS	Unknown	3.83	HLB T240-B Inactive	Hep12 Data for Uncertainty Feb2022.xlsx	Ref Chem Data	4	NA	1	0.5	1	0.006363
20220128_PFAS_Clint_Hep12HLB_Sample080	012822	Phenacetin	DTXSID1021116	phenacetin	Inactive	480	1	propranolol-d7	0.01	19708	12123	LCMS	Unknown	3.83	HLB T240-C Inactive	Hep12 Data for Uncertainty Feb2022.xlsx	Ref Chem Data	4	NA	1	0.5	1	0.006151
20220128_PFAS_Clint_Hep12HLB_Sample085	012822	Phenacetin	DTXSID1021116	phenacetin	CC	240	1	propranolol-d7	0.01	19777	58.01	LCMS	Unknown	3.86	HLB CC1	Hep12 Data for Uncertainty Feb2022.xlsx	Ref Chem Data	NA	0.0057384	1	0.5	1	2.933e-05
20220128_PFAS_Clint_Hep12HLB_Sample086	012822	Phenacetin	DTXSID1021116	phenacetin	CC	240	1	propranolol-d7	0.01	19862	141.26	LCMS	Unknown	3.83	HLB CC2	Hep12 Data for Uncertainty Feb2022.xlsx	Ref Chem Data	NA	0.012684	1	0.5	1	7.112e-05
20220128_PFAS_Clint_Hep12HLB_Sample087	012822	Phenacetin	DTXSID1021116	phenacetin	CC	240	1	propranolol-d7	0.01	17968	217.29	LCMS	Unknown	3.83	HLB CC3	Hep12 Data for Uncertainty Feb2022.xlsx	Ref Chem Data	NA	0.0209688	1	0.5	1	0.0001209
20220128_PFAS_Clint_Hep12HLB_Sample088	012822	Phenacetin	DTXSID1021116	phenacetin	CC	240	1	propranolol-d7	0.01	18763	221.98	LCMS	Unknown	3.83	HLB CC4	Hep12 Data for Uncertainty Feb2022.xlsx	Ref Chem Data	NA	0.020532	1	0.5	1	0.0001183
20220128_PFAS_Clint_Hep12HLB_Sample089	012822	Phenacetin	DTXSID1021116	phenacetin	CC	240	1	propranolol-d7	0.01	17574	532.29	LCMS	Unknown	3.84	HLB CC5	Hep12 Data for Uncertainty Feb2022.xlsx	Ref Chem Data	NA	0.0512736	1	0.5	1	0.0003029
20220128_PFAS_Clint_Hep12HLB_Sample090	012822	Phenacetin	DTXSID1021116	phenacetin	CC	240	1	propranolol-d7	0.01	18837	811.03	LCMS	Unknown	3.83	HLB CC6	Hep12 Data for Uncertainty Feb2022.xlsx	Ref Chem Data	NA	0.072576	1	0.5	1	0.0004306
20220128_PFAS_Clint_Hep12HLB_Sample092	012822	Phenacetin	DTXSID1021116	phenacetin	CC	240	1	propranolol-d7	0.01	19625	1361.3	LCMS	Unknown	3.83	HLB CC7	Hep12 Data for Uncertainty Feb2022.xlsx	Ref Chem Data	NA	0.1165944	1	0.5	1	0.0006937
20220128_PFAS_Clint_Hep12HLB_Sample093	012822	Phenacetin	DTXSID1021116	phenacetin	CC	240	1	propranolol-d7	0.01	18530	1227.2	LCMS	Unknown	3.83	HLB CC8	Hep12 Data for Uncertainty Feb2022.xlsx	Ref Chem Data	NA	0.1113384	1	0.5	1	0.0006623
20220128_PFAS_Clint_Hep12HLB_Sample094	012822	Phenacetin	DTXSID1021116	phenacetin	CC	240	1	propranolol-d7	0.01	18313	1952.1	LCMS	Unknown	3.83	HLB CC9	Hep12 Data for Uncertainty Feb2022.xlsx	Ref Chem Data	NA	0.1791408	1	0.5	1	0.001066
20220128_PFAS_Clint_Hep12HLB_Sample095	012822	Phenacetin	DTXSID1021116	phenacetin	CC	240	1	propranolol-d7	0.01	19528	2333.3	LCMS	Unknown	3.83	HLB CC10	Hep12 Data for Uncertainty Feb2022.xlsx	Ref Chem Data	NA	0.2008512	1	0.5	1	0.001195
20220128_PFAS_Clint_Hep12HLB_Sample096	012822	Phenacetin	DTXSID1021116	phenacetin	CC	240	1	propranolol-d7	0.01	19900	4465.8	LCMS	Unknown	3.83	HLB CC11	Hep12 Data for Uncertainty Feb2022.xlsx	Ref Chem Data	NA	0.3790776	1	0.5	1	0.002244
20220128_PFAS_Clint_Hep12HLB_Sample097	012822	Phenacetin	DTXSID1021116	phenacetin	CC	240	1	propranolol-d7	0.01	19267	14423	LCMS	Unknown	3.83	HLB CC12	Hep12 Data for Uncertainty Feb2022.xlsx	Ref Chem Data	NA	1.3094736	1	0.5	1	0.007486
20220128_PFAS_Clint_Hep12HLB_Sample099	012822	Phenacetin	DTXSID1021116	phenacetin	CC	240	1	propranolol-d7	0.01	19323	13947	LCMS	Unknown	3.83	HLB CC13	Hep12 Data for Uncertainty Feb2022.xlsx	Ref Chem Data	NA	1.2601464	1	0.5	1	0.007218
20220128_PFAS_Clint_Hep12HLB_Sample100	012822	Phenacetin	DTXSID1021116	phenacetin	CC	240	1	propranolol-d7	0.01	19751	30725	LCMS	Unknown	3.83	HLB CC14	Hep12 Data for Uncertainty Feb2022.xlsx	Ref Chem Data	NA	2.9062992	1	0.5	1	0.01556
20220128_PFAS_Clint_Hep12HLB_Sample101	012822	Phenacetin	DTXSID1021116	phenacetin	CC	240	1	propranolol-d7	0.01	19083	43322	LCMS	Unknown	3.83	HLB CC15	Hep12 Data for Uncertainty Feb2022.xlsx	Ref Chem Data	NA	4.5650808	1	0.5	1	0.0227
20220128_PFAS_Clint_Hep12HLB_Sample102	012822	Phenacetin	DTXSID1021116	phenacetin	CC	240	1	propranolol-d7	0.01	20479	68011	LCMS	Unknown	3.83	HLB CC16	Hep12 Data for Uncertainty Feb2022.xlsx	Ref Chem Data	NA	7.8846648	1	0.5	1	0.03321
20220128_PFAS_Clint_Hep12HLB_Sample103	012822	Phenacetin	DTXSID1021116	phenacetin	CC	240	1	propranolol-d7	0.01	18798	67677	LCMS	Unknown	3.83	HLB CC17	Hep12 Data for Uncertainty Feb2022.xlsx	Ref Chem Data	NA	9.2145864	1	0.5	1	0.036
20220128_PFAS_Clint_Hep12HLB_Sample110	012822	Phenacetin	DTXSID1021116	phenacetin	CC	240	1	propranolol-d7	0.01	18056	1266.8	LCMS	Unknown	3.83	HLB CC7	Hep12 Data for Uncertainty Feb2022.xlsx	Ref Chem Data	NA	0.1179216	1	0.5	1	0.0007016
20220128_PFAS_Clint_Hep12HLB_Sample111	012822	Phenacetin	DTXSID1021116	phenacetin	CC	240	1	propranolol-d7	0.01	18081	1411.6	LCMS	Unknown	3.83	HLB CC8	Hep12 Data for Uncertainty Feb2022.xlsx	Ref Chem Data	NA	0.1311816	1	0.5	1	0.0007807
20220128_PFAS_Clint_Hep12HLB_Sample112	012822	Phenacetin	DTXSID1021116	phenacetin	CC	240	1	propranolol-d7	0.01	18116	1847	LCMS	Unknown	3.83	HLB CC9	Hep12 Data for Uncertainty Feb2022.xlsx	Ref Chem Data	NA	0.1713192	1	0.5	1	0.00102
20220128_PFAS_Clint_Hep12HLB_Sample114	012822	Phenacetin	DTXSID1021116	phenacetin	CC	240	1	propranolol-d7	0.01	18361	1324.9	LCMS	Unknown	3.83	HLB CC7	Hep12 Data for Uncertainty Feb2022.xlsx	Ref Chem Data	NA	0.1212744	1	0.5	1	0.0007216
20220128_PFAS_Clint_Hep12HLB_Sample115	012822	Phenacetin	DTXSID1021116	phenacetin	CC	240	1	propranolol-d7	0.01	17899	1038.2	LCMS	Unknown	3.83	HLB CC8	Hep12 Data for Uncertainty Feb2022.xlsx	Ref Chem Data	NA	0.0975696	1	0.5	1	0.00058
20220128_PFAS_Clint_Hep12HLB_Sample116	012822	Phenacetin	DTXSID1021116	phenacetin	CC	240	1	propranolol-d7	0.01	19362	1949.1	LCMS	Unknown	3.83	HLB CC9	Hep12 Data for Uncertainty Feb2022.xlsx	Ref Chem Data	NA	0.1691592	1	0.5	1	0.001007
20220128_PFAS_Clint_Hep12HLB_Sample118	012822	Phenacetin	DTXSID1021116	phenacetin	CC	240	1	propranolol-d7	0.01	18910	1267.7	LCMS	Unknown	3.84	HLB CC7	Hep12 Data for Uncertainty Feb2022.xlsx	Ref Chem Data	NA	0.112692	1	0.5	1	0.0006704
20220128_PFAS_Clint_Hep12HLB_Sample119	012822	Phenacetin	DTXSID1021116	phenacetin	CC	240	1	propranolol-d7	0.01	18863	1383.2	LCMS	Unknown	3.84	HLB CC8	Hep12 Data for Uncertainty Feb2022.xlsx	Ref Chem Data	NA	0.1232304	1	0.5	1	0.0007333
20220128_PFAS_Clint_Hep12HLB_Sample120	012822	Phenacetin	DTXSID1021116	phenacetin	CC	240	1	propranolol-d7	0.01	18932	2807	LCMS	Unknown	3.84	HLB CC9	Hep12 Data for Uncertainty Feb2022.xlsx	Ref Chem Data	NA	0.249492	1	0.5	1	0.001483
20220128_PFAS_Clint_Hep12HLB_Sample003	012822	Propranolol	DTXSID6023525	propranolol	Blank	480	1	propranolol-d7	0.01	18189	720.42	LCMS	Unknown	4.0999999999999996	HLB SPE Blank	Hep12 Data for Uncertainty Feb2022.xlsx	Ref Chem Data	NA	NA	1	0.5	1	0.0003961
20220128_PFAS_Clint_Hep12HLB_Sample004	012822	Propranolol	DTXSID6023525	propranolol	Blank	480	1	propranolol-d7	0.01	17999	862.59	LCMS	Unknown	4.0999999999999996	HLB SPE Matrix Blank	Hep12 Data for Uncertainty Feb2022.xlsx	Ref Chem Data	NA	NA	1	0.5	1	0.0004792
20220128_PFAS_Clint_Hep12HLB_Sample017	012822	Propranolol	DTXSID6023525	propranolol	CC	240	1	propranolol-d7	0.01	18124	2105.5	LCMS	Unknown	4.1100000000000003	HLB CC1	Hep12 Data for Uncertainty Feb2022.xlsx	Ref Chem Data	NA	0.0046896	1	0.5	1	0.001162
20220128_PFAS_Clint_Hep12HLB_Sample018	012822	Propranolol	DTXSID6023525	propranolol	CC	240	1	propranolol-d7	0.01	18269	2231.2	LCMS	Unknown	4.1100000000000003	HLB CC2	Hep12 Data for Uncertainty Feb2022.xlsx	Ref Chem Data	NA	0.0122832	1	0.5	1	0.001221
20220128_PFAS_Clint_Hep12HLB_Sample019	012822	Propranolol	DTXSID6023525	propranolol	CC	240	1	propranolol-d7	0.01	18203	2277.2	LCMS	Unknown	4.1100000000000003	HLB CC3	Hep12 Data for Uncertainty Feb2022.xlsx	Ref Chem Data	NA	0.0160608	1	0.5	1	0.001251
20220128_PFAS_Clint_Hep12HLB_Sample020	012822	Propranolol	DTXSID6023525	propranolol	CC	240	1	propranolol-d7	0.01	17826	2304.8	LCMS	Unknown	4.1100000000000003	HLB CC4	Hep12 Data for Uncertainty Feb2022.xlsx	Ref Chem Data	NA	0.021408	1	0.5	1	0.001293
20220128_PFAS_Clint_Hep12HLB_Sample021	012822	Propranolol	DTXSID6023525	propranolol	CC	240	1	propranolol-d7	0.01	18207	2689.1	LCMS	Unknown	4.1100000000000003	HLB CC5	Hep12 Data for Uncertainty Feb2022.xlsx	Ref Chem Data	NA	0.0448608	1	0.5	1	0.001477
20220128_PFAS_Clint_Hep12HLB_Sample022	012822	Propranolol	DTXSID6023525	propranolol	CC	240	1	propranolol-d7	0.01	17671	2867.1	LCMS	Unknown	4.1100000000000003	HLB CC6	Hep12 Data for Uncertainty Feb2022.xlsx	Ref Chem Data	NA	0.0634248	1	0.5	1	0.001622
20220128_PFAS_Clint_Hep12HLB_Sample024	012822	Propranolol	DTXSID6023525	propranolol	CC	240	1	propranolol-d7	0.01	17277	4047.2	LCMS	Unknown	4.1100000000000003	HLB CC7	Hep12 Data for Uncertainty Feb2022.xlsx	Ref Chem Data	NA	0.1553712	1	0.5	1	0.002343
20220128_PFAS_Clint_Hep12HLB_Sample025	012822	Propranolol	DTXSID6023525	propranolol	CC	240	1	propranolol-d7	0.01	17545	3653.7	LCMS	Unknown	4.1100000000000003	HLB CC8	Hep12 Data for Uncertainty Feb2022.xlsx	Ref Chem Data	NA	0.122136	1	0.5	1	0.002082
20220128_PFAS_Clint_Hep12HLB_Sample026	012822	Propranolol	DTXSID6023525	propranolol	CC	240	1	propranolol-d7	0.01	17952	4201.2	LCMS	Unknown	4.1100000000000003	HLB CC9	Hep12 Data for Uncertainty Feb2022.xlsx	Ref Chem Data	NA	0.1550712	1	0.5	1	0.00234
20220128_PFAS_Clint_Hep12HLB_Sample027	012822	Propranolol	DTXSID6023525	propranolol	CC	240	1	propranolol-d7	0.01	17343	5554.9	LCMS	Unknown	4.1100000000000003	HLB CC10	Hep12 Data for Uncertainty Feb2022.xlsx	Ref Chem Data	NA	0.2655264	1	0.5	1	0.003203
20220128_PFAS_Clint_Hep12HLB_Sample028	012822	Propranolol	DTXSID6023525	propranolol	CC	240	1	propranolol-d7	0.01	18239	7410.9	LCMS	Unknown	4.1100000000000003	HLB CC11	Hep12 Data for Uncertainty Feb2022.xlsx	Ref Chem Data	NA	0.3759288	1	0.5	1	0.004063
20220128_PFAS_Clint_Hep12HLB_Sample029	012822	Propranolol	DTXSID6023525	propranolol	CC	240	1	propranolol-d7	0.01	17650	26444	LCMS	Unknown	4.1100000000000003	HLB CC12	Hep12 Data for Uncertainty Feb2022.xlsx	Ref Chem Data	NA	1.8038088	1	0.5	1	0.01498
20220128_PFAS_Clint_Hep12HLB_Sample031	012822	Propranolol	DTXSID6023525	propranolol	CC	240	1	propranolol-d7	0.01	18636	20963	LCMS	Unknown	4.1100000000000003	HLB CC13	Hep12 Data for Uncertainty Feb2022.xlsx	Ref Chem Data	NA	1.3098864	1	0.5	1	0.01125
20220128_PFAS_Clint_Hep12HLB_Sample032	012822	Propranolol	DTXSID6023525	propranolol	CC	240	1	propranolol-d7	0.01	18766	39980	LCMS	Unknown	4.1100000000000003	HLB CC14	Hep12 Data for Uncertainty Feb2022.xlsx	Ref Chem Data	NA	2.6543424	1	0.5	1	0.0213
20220128_PFAS_Clint_Hep12HLB_Sample033	012822	Propranolol	DTXSID6023525	propranolol	CC	240	1	propranolol-d7	0.01	18843	52232	LCMS	Unknown	4.1100000000000003	HLB CC15	Hep12 Data for Uncertainty Feb2022.xlsx	Ref Chem Data	NA	3.5364912	1	0.5	1	0.02772
20220128_PFAS_Clint_Hep12HLB_Sample034	012822	Propranolol	DTXSID6023525	propranolol	CC	240	1	propranolol-d7	0.01	18939	85574	LCMS	Unknown	4.1100000000000003	HLB CC16	Hep12 Data for Uncertainty Feb2022.xlsx	Ref Chem Data	NA	6.0479856	1	0.5	1	0.04518
20220128_PFAS_Clint_Hep12HLB_Sample035	012822	Propranolol	DTXSID6023525	propranolol	CC	240	1	propranolol-d7	0.01	18172	130720	LCMS	Unknown	4.1100000000000003	HLB CC17	Hep12 Data for Uncertainty Feb2022.xlsx	Ref Chem Data	NA	10.2799416	1	0.5	1	0.07193
20220128_PFAS_Clint_Hep12HLB_Sample042	012822	Propranolol	DTXSID6023525	propranolol	CC	240	1	propranolol-d7	0.01	18280	3918.4	LCMS	Unknown	4.1100000000000003	HLB CC7	Hep12 Data for Uncertainty Feb2022.xlsx	Ref Chem Data	NA	0.1299432	1	0.5	1	0.002144
20220128_PFAS_Clint_Hep12HLB_Sample043	012822	Propranolol	DTXSID6023525	propranolol	CC	240	1	propranolol-d7	0.01	17396	3771.1	LCMS	Unknown	4.1100000000000003	HLB CC8	Hep12 Data for Uncertainty Feb2022.xlsx	Ref Chem Data	NA	0.1330368	1	0.5	1	0.002168
20220128_PFAS_Clint_Hep12HLB_Sample044	012822	Propranolol	DTXSID6023525	propranolol	CC	240	1	propranolol-d7	0.01	18156	4794.5	LCMS	Unknown	4.1100000000000003	HLB CC9	Hep12 Data for Uncertainty Feb2022.xlsx	Ref Chem Data	NA	0.1935096	1	0.5	1	0.002641
20220128_PFAS_Clint_Hep12HLB_Sample046	012822	Propranolol	DTXSID6023525	propranolol	CC	240	1	propranolol-d7	0.01	18091	3923.3	LCMS	Unknown	4.1100000000000003	HLB CC7	Hep12 Data for Uncertainty Feb2022.xlsx	Ref Chem Data	NA	0.13314	1	0.5	1	0.002169
20220128_PFAS_Clint_Hep12HLB_Sample047	012822	Propranolol	DTXSID6023525	propranolol	CC	240	1	propranolol-d7	0.01	16409	3582	LCMS	Unknown	4.12	HLB CC8	Hep12 Data for Uncertainty Feb2022.xlsx	Ref Chem Data	NA	0.1349808	1	0.5	1	0.002183
20220128_PFAS_Clint_Hep12HLB_Sample048	012822	Propranolol	DTXSID6023525	propranolol	CC	240	1	propranolol-d7	0.01	18875	4728.7	LCMS	Unknown	4.1100000000000003	HLB CC9	Hep12 Data for Uncertainty Feb2022.xlsx	Ref Chem Data	NA	0.176184	1	0.5	1	0.002505
20220128_PFAS_Clint_Hep12HLB_Sample050	012822	Propranolol	DTXSID6023525	propranolol	Cvst	480	1	propranolol-d7	0.01	18282	13712	LCMS	Unknown	4.1100000000000003	HLB T0-A Living	Hep12 Data for Uncertainty Feb2022.xlsx	Ref Chem Data	0	NA	1	0.5	1	0.0075
20220128_PFAS_Clint_Hep12HLB_Sample051	012822	Propranolol	DTXSID6023525	propranolol	Cvst	480	1	propranolol-d7	0.01	17977	17820	LCMS	Unknown	4.1100000000000003	HLB T0-B Living	Hep12 Data for Uncertainty Feb2022.xlsx	Ref Chem Data	0	NA	1	0.5	1	0.009913
20220128_PFAS_Clint_Hep12HLB_Sample052	012822	Propranolol	DTXSID6023525	propranolol	Cvst	480	1	propranolol-d7	0.01	19170	11319	LCMS	Unknown	4.1100000000000003	HLB T0-C Living	Hep12 Data for Uncertainty Feb2022.xlsx	Ref Chem Data	0	NA	1	0.5	1	0.005905
20220128_PFAS_Clint_Hep12HLB_Sample053	012822	Propranolol	DTXSID6023525	propranolol	Inactive	480	1	propranolol-d7	0.01	19113	12102	LCMS	Unknown	4.1100000000000003	HLB T0-A Inactive	Hep12 Data for Uncertainty Feb2022.xlsx	Ref Chem Data	0	NA	1	0.5	1	0.006332
20220128_PFAS_Clint_Hep12HLB_Sample054	012822	Propranolol	DTXSID6023525	propranolol	Inactive	480	1	propranolol-d7	0.01	18596	14714	LCMS	Unknown	4.1100000000000003	HLB T0-B Inactive	Hep12 Data for Uncertainty Feb2022.xlsx	Ref Chem Data	0	NA	1	0.5	1	0.007912
20220128_PFAS_Clint_Hep12HLB_Sample055	012822	Propranolol	DTXSID6023525	propranolol	Inactive	480	1	propranolol-d7	0.01	17334	11726	LCMS	Unknown	4.1100000000000003	HLB T0-C Inactive	Hep12 Data for Uncertainty Feb2022.xlsx	Ref Chem Data	0	NA	1	0.5	1	0.006765
20220128_PFAS_Clint_Hep12HLB_Sample060	012822	Propranolol	DTXSID6023525	propranolol	Cvst	480	1	propranolol-d7	0.01	17991	9537.2	LCMS	Unknown	4.1100000000000003	HLB T15-A	Hep12 Data for Uncertainty Feb2022.xlsx	Ref Chem Data	0.25	NA	1	0.5	1	0.005301
20220128_PFAS_Clint_Hep12HLB_Sample061	012822	Propranolol	DTXSID6023525	propranolol	Cvst	480	1	propranolol-d7	0.01	17392	7796.3	LCMS	Unknown	4.1100000000000003	HLB T15-B	Hep12 Data for Uncertainty Feb2022.xlsx	Ref Chem Data	0.25	NA	1	0.5	1	0.004483
20220128_PFAS_Clint_Hep12HLB_Sample062	012822	Propranolol	DTXSID6023525	propranolol	Cvst	480	1	propranolol-d7	0.01	18653	6650.9	LCMS	Unknown	4.12	HLB T15-C	Hep12 Data for Uncertainty Feb2022.xlsx	Ref Chem Data	0.25	NA	1	0.5	1	0.003566
20220128_PFAS_Clint_Hep12HLB_Sample064	012822	Propranolol	DTXSID6023525	propranolol	Cvst	480	1	propranolol-d7	0.01	17592	7186.1	LCMS	Unknown	4.1100000000000003	HLB T30-A	Hep12 Data for Uncertainty Feb2022.xlsx	Ref Chem Data	0.5	NA	1	0.5	1	0.004085
20220128_PFAS_Clint_Hep12HLB_Sample065	012822	Propranolol	DTXSID6023525	propranolol	Cvst	480	1	propranolol-d7	0.01	18455	6651	LCMS	Unknown	4.1100000000000003	HLB T30-B	Hep12 Data for Uncertainty Feb2022.xlsx	Ref Chem Data	0.5	NA	1	0.5	1	0.003604
20220128_PFAS_Clint_Hep12HLB_Sample066	012822	Propranolol	DTXSID6023525	propranolol	Cvst	480	1	propranolol-d7	0.01	18146	7712.3	LCMS	Unknown	4.1100000000000003	HLB T30-C	Hep12 Data for Uncertainty Feb2022.xlsx	Ref Chem Data	0.5	NA	1	0.5	1	0.00425
20220128_PFAS_Clint_Hep12HLB_Sample067	012822	Propranolol	DTXSID6023525	propranolol	Cvst	480	1	propranolol-d7	0.01	18081	9180	LCMS	Unknown	4.1100000000000003	HLB T60-A	Hep12 Data for Uncertainty Feb2022.xlsx	Ref Chem Data	1	NA	1	0.5	1	0.005077
20220128_PFAS_Clint_Hep12HLB_Sample068	012822	Propranolol	DTXSID6023525	propranolol	Cvst	480	1	propranolol-d7	0.01	18377	9995.5	LCMS	Unknown	4.1100000000000003	HLB T60-B	Hep12 Data for Uncertainty Feb2022.xlsx	Ref Chem Data	1	NA	1	0.5	1	0.005439
20220128_PFAS_Clint_Hep12HLB_Sample069	012822	Propranolol	DTXSID6023525	propranolol	Cvst	480	1	propranolol-d7	0.01	18387	9839	LCMS	Unknown	4.12	HLB T60-C	Hep12 Data for Uncertainty Feb2022.xlsx	Ref Chem Data	1	NA	1	0.5	1	0.005351
20220128_PFAS_Clint_Hep12HLB_Sample071	012822	Propranolol	DTXSID6023525	propranolol	Cvst	480	1	propranolol-d7	0.01	18234	6362.7	LCMS	Unknown	4.1100000000000003	HLB T120-A	Hep12 Data for Uncertainty Feb2022.xlsx	Ref Chem Data	2	NA	1	0.5	1	0.003489
20220128_PFAS_Clint_Hep12HLB_Sample072	012822	Propranolol	DTXSID6023525	propranolol	Cvst	480	1	propranolol-d7	0.01	18643	5944	LCMS	Unknown	4.1100000000000003	HLB T120-B	Hep12 Data for Uncertainty Feb2022.xlsx	Ref Chem Data	2	NA	1	0.5	1	0.003188
20220128_PFAS_Clint_Hep12HLB_Sample073	012822	Propranolol	DTXSID6023525	propranolol	Cvst	480	1	propranolol-d7	0.01	19703	7247.5	LCMS	Unknown	4.1100000000000003	HLB T120-C	Hep12 Data for Uncertainty Feb2022.xlsx	Ref Chem Data	2	NA	1	0.5	1	0.003678
20220128_PFAS_Clint_Hep12HLB_Sample074	012822	Propranolol	DTXSID6023525	propranolol	Cvst	480	1	propranolol-d7	0.01	17978	4445.4	LCMS	Unknown	4.1100000000000003	HLB T240-A Living	Hep12 Data for Uncertainty Feb2022.xlsx	Ref Chem Data	4	NA	1	0.5	1	0.002473
20220128_PFAS_Clint_Hep12HLB_Sample075	012822	Propranolol	DTXSID6023525	propranolol	Cvst	480	1	propranolol-d7	0.01	20397	4565.9	LCMS	Unknown	4.1100000000000003	HLB T240-B Living	Hep12 Data for Uncertainty Feb2022.xlsx	Ref Chem Data	4	NA	1	0.5	1	0.002239
20220128_PFAS_Clint_Hep12HLB_Sample076	012822	Propranolol	DTXSID6023525	propranolol	Cvst	480	1	propranolol-d7	0.01	18768	4282.9	LCMS	Unknown	4.1100000000000003	HLB T240-C Living	Hep12 Data for Uncertainty Feb2022.xlsx	Ref Chem Data	4	NA	1	0.5	1	0.002282
20220128_PFAS_Clint_Hep12HLB_Sample078	012822	Propranolol	DTXSID6023525	propranolol	Inactive	480	1	propranolol-d7	0.01	18978	21685	LCMS	Unknown	4.1100000000000003	HLB T240-A Inactive	Hep12 Data for Uncertainty Feb2022.xlsx	Ref Chem Data	4	NA	1	0.5	1	0.01143
20220128_PFAS_Clint_Hep12HLB_Sample079	012822	Propranolol	DTXSID6023525	propranolol	Inactive	480	1	propranolol-d7	0.01	20040	22375	LCMS	Unknown	4.12	HLB T240-B Inactive	Hep12 Data for Uncertainty Feb2022.xlsx	Ref Chem Data	4	NA	1	0.5	1	0.01117
20220128_PFAS_Clint_Hep12HLB_Sample080	012822	Propranolol	DTXSID6023525	propranolol	Inactive	480	1	propranolol-d7	0.01	19708	23552	LCMS	Unknown	4.12	HLB T240-C Inactive	Hep12 Data for Uncertainty Feb2022.xlsx	Ref Chem Data	4	NA	1	0.5	1	0.01195
20220128_PFAS_Clint_Hep12HLB_Sample085	012822	Propranolol	DTXSID6023525	propranolol	CC	240	1	propranolol-d7	0.01	19777	2132.4	LCMS	Unknown	4.12	HLB CC1	Hep12 Data for Uncertainty Feb2022.xlsx	Ref Chem Data	NA	NA	1	0.5	1	0.001078
20220128_PFAS_Clint_Hep12HLB_Sample086	012822	Propranolol	DTXSID6023525	propranolol	CC	240	1	propranolol-d7	0.01	19862	2403.1	LCMS	Unknown	4.12	HLB CC2	Hep12 Data for Uncertainty Feb2022.xlsx	Ref Chem Data	NA	0.010824	1	0.5	1	0.00121
20220128_PFAS_Clint_Hep12HLB_Sample087	012822	Propranolol	DTXSID6023525	propranolol	CC	240	1	propranolol-d7	0.01	17968	2177	LCMS	Unknown	4.1100000000000003	HLB CC3	Hep12 Data for Uncertainty Feb2022.xlsx	Ref Chem Data	NA	0.0110448	1	0.5	1	0.001212
20220128_PFAS_Clint_Hep12HLB_Sample088	012822	Propranolol	DTXSID6023525	propranolol	CC	240	1	propranolol-d7	0.01	18763	2512.4	LCMS	Unknown	4.12	HLB CC4	Hep12 Data for Uncertainty Feb2022.xlsx	Ref Chem Data	NA	0.0272808	1	0.5	1	0.001339
20220128_PFAS_Clint_Hep12HLB_Sample089	012822	Propranolol	DTXSID6023525	propranolol	CC	240	1	propranolol-d7	0.01	17574	2682.8	LCMS	Unknown	4.12	HLB CC5	Hep12 Data for Uncertainty Feb2022.xlsx	Ref Chem Data	NA	0.0511896	1	0.5	1	0.001527
20220128_PFAS_Clint_Hep12HLB_Sample090	012822	Propranolol	DTXSID6023525	propranolol	CC	240	1	propranolol-d7	0.01	18837	3252.8	LCMS	Unknown	4.1100000000000003	HLB CC6	Hep12 Data for Uncertainty Feb2022.xlsx	Ref Chem Data	NA	0.076728	1	0.5	1	0.001727
20220128_PFAS_Clint_Hep12HLB_Sample092	012822	Propranolol	DTXSID6023525	propranolol	CC	240	1	propranolol-d7	0.01	19625	4168.8	LCMS	Unknown	4.12	HLB CC7	Hep12 Data for Uncertainty Feb2022.xlsx	Ref Chem Data	NA	0.1274712	1	0.5	1	0.002124
20220128_PFAS_Clint_Hep12HLB_Sample093	012822	Propranolol	DTXSID6023525	propranolol	CC	240	1	propranolol-d7	0.01	18530	3775.9	LCMS	Unknown	4.13	HLB CC8	Hep12 Data for Uncertainty Feb2022.xlsx	Ref Chem Data	NA	0.116424	1	0.5	1	0.002038
20220128_PFAS_Clint_Hep12HLB_Sample094	012822	Propranolol	DTXSID6023525	propranolol	CC	240	1	propranolol-d7	0.01	18313	5128.3	LCMS	Unknown	4.1100000000000003	HLB CC9	Hep12 Data for Uncertainty Feb2022.xlsx	Ref Chem Data	NA	0.2139456	1	0.5	1	0.0028
20220128_PFAS_Clint_Hep12HLB_Sample095	012822	Propranolol	DTXSID6023525	propranolol	CC	240	1	propranolol-d7	0.01	19528	6055.3	LCMS	Unknown	4.12	HLB CC10	Hep12 Data for Uncertainty Feb2022.xlsx	Ref Chem Data	NA	0.2524272	1	0.5	1	0.003101
20220128_PFAS_Clint_Hep12HLB_Sample096	012822	Propranolol	DTXSID6023525	propranolol	CC	240	1	propranolol-d7	0.01	19900	8529	LCMS	Unknown	4.1100000000000003	HLB CC11	Hep12 Data for Uncertainty Feb2022.xlsx	Ref Chem Data	NA	0.4045752	1	0.5	1	0.004286
20220128_PFAS_Clint_Hep12HLB_Sample097	012822	Propranolol	DTXSID6023525	propranolol	CC	240	1	propranolol-d7	0.01	19267	25013	LCMS	Unknown	4.1100000000000003	HLB CC12	Hep12 Data for Uncertainty Feb2022.xlsx	Ref Chem Data	NA	1.5384768	1	0.5	1	0.01298
20220128_PFAS_Clint_Hep12HLB_Sample099	012822	Propranolol	DTXSID6023525	propranolol	CC	240	1	propranolol-d7	0.01	19323	22381	LCMS	Unknown	4.12	HLB CC13	Hep12 Data for Uncertainty Feb2022.xlsx	Ref Chem Data	NA	1.3538352	1	0.5	1	0.01158
20220128_PFAS_Clint_Hep12HLB_Sample100	012822	Propranolol	DTXSID6023525	propranolol	CC	240	1	propranolol-d7	0.01	19751	43819	LCMS	Unknown	4.12	HLB CC14	Hep12 Data for Uncertainty Feb2022.xlsx	Ref Chem Data	NA	2.7743016	1	0.5	1	0.02219
20220128_PFAS_Clint_Hep12HLB_Sample101	012822	Propranolol	DTXSID6023525	propranolol	CC	240	1	propranolol-d7	0.01	19083	59976	LCMS	Unknown	4.1100000000000003	HLB CC15	Hep12 Data for Uncertainty Feb2022.xlsx	Ref Chem Data	NA	4.0559256	1	0.5	1	0.03143
20220128_PFAS_Clint_Hep12HLB_Sample102	012822	Propranolol	DTXSID6023525	propranolol	CC	240	1	propranolol-d7	0.01	20479	94484	LCMS	Unknown	4.12	HLB CC16	Hep12 Data for Uncertainty Feb2022.xlsx	Ref Chem Data	NA	6.19032	1	0.5	1	0.04614
20220128_PFAS_Clint_Hep12HLB_Sample103	012822	Propranolol	DTXSID6023525	propranolol	CC	240	1	propranolol-d7	0.01	18798	139190	LCMS	Unknown	4.1100000000000003	HLB CC17	Hep12 Data for Uncertainty Feb2022.xlsx	Ref Chem Data	NA	10.637892	1	0.5	1	0.07405
20220128_PFAS_Clint_Hep12HLB_Sample110	012822	Propranolol	DTXSID6023525	propranolol	CC	240	1	propranolol-d7	0.01	18056	4052.1	LCMS	Unknown	4.12	HLB CC7	Hep12 Data for Uncertainty Feb2022.xlsx	Ref Chem Data	NA	0.1427952	1	0.5	1	0.002244
20220128_PFAS_Clint_Hep12HLB_Sample111	012822	Propranolol	DTXSID6023525	propranolol	CC	240	1	propranolol-d7	0.01	18081	3803.5	LCMS	Unknown	4.12	HLB CC8	Hep12 Data for Uncertainty Feb2022.xlsx	Ref Chem Data	NA	0.1248264	1	0.5	1	0.002104
20220128_PFAS_Clint_Hep12HLB_Sample112	012822	Propranolol	DTXSID6023525	propranolol	CC	240	1	propranolol-d7	0.01	18116	5026.4	LCMS	Unknown	4.12	HLB CC9	Hep12 Data for Uncertainty Feb2022.xlsx	Ref Chem Data	NA	0.2106408	1	0.5	1	0.002775
20220128_PFAS_Clint_Hep12HLB_Sample114	012822	Propranolol	DTXSID6023525	propranolol	CC	240	1	propranolol-d7	0.01	18361	3713.7	LCMS	Unknown	4.12	HLB CC7	Hep12 Data for Uncertainty Feb2022.xlsx	Ref Chem Data	NA	0.114492	1	0.5	1	0.002023
20220128_PFAS_Clint_Hep12HLB_Sample115	012822	Propranolol	DTXSID6023525	propranolol	CC	240	1	propranolol-d7	0.01	17899	3855.5	LCMS	Unknown	4.13	HLB CC8	Hep12 Data for Uncertainty Feb2022.xlsx	Ref Chem Data	NA	0.13128	1	0.5	1	0.002154
20220128_PFAS_Clint_Hep12HLB_Sample116	012822	Propranolol	DTXSID6023525	propranolol	CC	240	1	propranolol-d7	0.01	19362	5858	LCMS	Unknown	4.12	HLB CC9	Hep12 Data for Uncertainty Feb2022.xlsx	Ref Chem Data	NA	0.242784	1	0.5	1	0.003026
20220128_PFAS_Clint_Hep12HLB_Sample118	012822	Propranolol	DTXSID6023525	propranolol	CC	240	1	propranolol-d7	0.01	18910	4174.4	LCMS	Unknown	4.12	HLB CC7	Hep12 Data for Uncertainty Feb2022.xlsx	Ref Chem Data	NA	0.1381128	1	0.5	1	0.002208
20220128_PFAS_Clint_Hep12HLB_Sample119	012822	Propranolol	DTXSID6023525	propranolol	CC	240	1	propranolol-d7	0.01	18863	3954.1	LCMS	Unknown	4.13	HLB CC8	Hep12 Data for Uncertainty Feb2022.xlsx	Ref Chem Data	NA	0.1238928	1	0.5	1	0.002096
20220128_PFAS_Clint_Hep12HLB_Sample120	012822	Propranolol	DTXSID6023525	propranolol	CC	240	1	propranolol-d7	0.01	18932	5015.2	LCMS	Unknown	4.12	HLB CC9	Hep12 Data for Uncertainty Feb2022.xlsx	Ref Chem Data	NA	0.1945728	1	0.5	1	0.002649
20220128_PFAS_Clint_Hep12WAX_Sample003	012822	4,4-bis(Trifluoromethyl)-4-fluoropropanoic acid	DTXSID80380256	TFMFPA	Blank	240	1	M5PFPeA	0.01	24444	3.475	LCMS	Unknown	3.67	WAX SPE Blank	Hep12 Data for Uncertainty Feb2022.xlsx	PFAS Data	NA	NA	1	0.5	1	1.422e-06
20220128_PFAS_Clint_Hep12WAX_Sample017	012822	4,4-bis(Trifluoromethyl)-4-fluoropropanoic acid	DTXSID80380256	TFMFPA	CC	240	1	M5PFPeA	0.01	26939	3.345	LCMS	Unknown	3.66	WAX CC1	Hep12 Data for Uncertainty Feb2022.xlsx	PFAS Data	NA	NA	1	0.5	1	1.242e-06
20220128_PFAS_Clint_Hep12WAX_Sample018	012822	4,4-bis(Trifluoromethyl)-4-fluoropropanoic acid	DTXSID80380256	TFMFPA	CC	240	1	M5PFPeA	0.01	26368	3.284	LCMS	Unknown	3.67	WAX CC2	Hep12 Data for Uncertainty Feb2022.xlsx	PFAS Data	NA	NA	1	0.5	1	1.245e-06
20220128_PFAS_Clint_Hep12WAX_Sample019	012822	4,4-bis(Trifluoromethyl)-4-fluoropropanoic acid	DTXSID80380256	TFMFPA	CC	240	1	M5PFPeA	0.01	26364	5.463	LCMS	Unknown	3.67	WAX CC3	Hep12 Data for Uncertainty Feb2022.xlsx	PFAS Data	NA	NA	1	0.5	1	2.072e-06
20220128_PFAS_Clint_Hep12WAX_Sample020	012822	4,4-bis(Trifluoromethyl)-4-fluoropropanoic acid	DTXSID80380256	TFMFPA	CC	240	1	M5PFPeA	0.01	27161	16.012	LCMS	Unknown	3.67	WAX CC4	Hep12 Data for Uncertainty Feb2022.xlsx	PFAS Data	NA	0.0207912	1	0.5	1	5.895e-06
20220128_PFAS_Clint_Hep12WAX_Sample021	012822	4,4-bis(Trifluoromethyl)-4-fluoropropanoic acid	DTXSID80380256	TFMFPA	CC	240	1	M5PFPeA	0.01	26759	16.244	LCMS	Unknown	3.67	WAX CC5	Hep12 Data for Uncertainty Feb2022.xlsx	PFAS Data	NA	0.0220416	1	0.5	1	6.07e-06
20220128_PFAS_Clint_Hep12WAX_Sample022	012822	4,4-bis(Trifluoromethyl)-4-fluoropropanoic acid	DTXSID80380256	TFMFPA	CC	240	1	M5PFPeA	0.01	27208	25.242	LCMS	Unknown	3.67	WAX CC6	Hep12 Data for Uncertainty Feb2022.xlsx	PFAS Data	NA	0.0449016	1	0.5	1	9.277e-06
20220128_PFAS_Clint_Hep12WAX_Sample024	012822	4,4-bis(Trifluoromethyl)-4-fluoropropanoic acid	DTXSID80380256	TFMFPA	CC	240	1	M5PFPeA	0.01	27568	52.902	LCMS	Unknown	3.66	WAX CC7	Hep12 Data for Uncertainty Feb2022.xlsx	PFAS Data	NA	0.1153104	1	0.5	1	1.919e-05
20220128_PFAS_Clint_Hep12WAX_Sample025	012822	4,4-bis(Trifluoromethyl)-4-fluoropropanoic acid	DTXSID80380256	TFMFPA	CC	240	1	M5PFPeA	0.01	27270	88.467	LCMS	Unknown	3.67	WAX CC8	Hep12 Data for Uncertainty Feb2022.xlsx	PFAS Data	NA	0.2088936	1	0.5	1	3.244e-05
20220128_PFAS_Clint_Hep12WAX_Sample026	012822	4,4-bis(Trifluoromethyl)-4-fluoropropanoic acid	DTXSID80380256	TFMFPA	CC	240	1	M5PFPeA	0.01	26704	84.731	LCMS	Unknown	3.67	WAX CC9	Hep12 Data for Uncertainty Feb2022.xlsx	PFAS Data	NA	0.2038896	1	0.5	1	3.173e-05
20220128_PFAS_Clint_Hep12WAX_Sample027	012822	4,4-bis(Trifluoromethyl)-4-fluoropropanoic acid	DTXSID80380256	TFMFPA	CC	240	1	M5PFPeA	0.01	26994	169.18	LCMS	Unknown	3.67	WAX CC10	Hep12 Data for Uncertainty Feb2022.xlsx	PFAS Data	NA	0.4200816	1	0.5	1	6.267e-05
20220128_PFAS_Clint_Hep12WAX_Sample028	012822	4,4-bis(Trifluoromethyl)-4-fluoropropanoic acid	DTXSID80380256	TFMFPA	CC	240	1	M5PFPeA	0.01	25745	384.84	LCMS	Unknown	3.66	WAX CC11	Hep12 Data for Uncertainty Feb2022.xlsx	PFAS Data	NA	1.0097448	1	0.5	1	0.0001495
20220128_PFAS_Clint_Hep12WAX_Sample029	012822	4,4-bis(Trifluoromethyl)-4-fluoropropanoic acid	DTXSID80380256	TFMFPA	CC	240	1	M5PFPeA	0.01	27731	460.13	LCMS	Unknown	3.67	WAX CC12	Hep12 Data for Uncertainty Feb2022.xlsx	PFAS Data	NA	1.1188248	1	0.5	1	0.0001659
20220128_PFAS_Clint_Hep12WAX_Sample031	012822	4,4-bis(Trifluoromethyl)-4-fluoropropanoic acid	DTXSID80380256	TFMFPA	CC	240	1	M5PFPeA	0.01	27356	628.78	LCMS	Unknown	3.67	WAX CC13	Hep12 Data for Uncertainty Feb2022.xlsx	PFAS Data	NA	1.5354552	1	0.5	1	0.0002299
20220128_PFAS_Clint_Hep12WAX_Sample032	012822	4,4-bis(Trifluoromethyl)-4-fluoropropanoic acid	DTXSID80380256	TFMFPA	CC	240	1	M5PFPeA	0.01	26703	1142.4	LCMS	Unknown	3.67	WAX CC14	Hep12 Data for Uncertainty Feb2022.xlsx	PFAS Data	NA	2.7593064	1	0.5	1	0.0004278
20220128_PFAS_Clint_Hep12WAX_Sample033	012822	4,4-bis(Trifluoromethyl)-4-fluoropropanoic acid	DTXSID80380256	TFMFPA	CC	240	1	M5PFPeA	0.01	26966	1021.2	LCMS	Unknown	3.67	WAX CC15	Hep12 Data for Uncertainty Feb2022.xlsx	PFAS Data	NA	2.4642504	1	0.5	1	0.0003787
20220128_PFAS_Clint_Hep12WAX_Sample034	012822	4,4-bis(Trifluoromethyl)-4-fluoropropanoic acid	DTXSID80380256	TFMFPA	CC	240	1	M5PFPeA	0.01	27084	3015.1	LCMS	Unknown	3.67	WAX CC16	Hep12 Data for Uncertainty Feb2022.xlsx	PFAS Data	NA	6.432744	1	0.5	1	0.001113
20220128_PFAS_Clint_Hep12WAX_Sample035	012822	4,4-bis(Trifluoromethyl)-4-fluoropropanoic acid	DTXSID80380256	TFMFPA	CC	240	1	M5PFPeA	0.01	27438	5522.5	LCMS	Unknown	3.67	WAX CC17	Hep12 Data for Uncertainty Feb2022.xlsx	PFAS Data	NA	10.4221368	1	0.5	1	0.002013
20220128_PFAS_Clint_Hep12WAX_Sample042	012822	4,4-bis(Trifluoromethyl)-4-fluoropropanoic acid	DTXSID80380256	TFMFPA	CC	240	1	M5PFPeA	0.01	28251	53.942	LCMS	Unknown	3.67	WAX CC7	Hep12 Data for Uncertainty Feb2022.xlsx	PFAS Data	NA	0.1146312	1	0.5	1	1.909e-05
20220128_PFAS_Clint_Hep12WAX_Sample043	012822	4,4-bis(Trifluoromethyl)-4-fluoropropanoic acid	DTXSID80380256	TFMFPA	CC	240	1	M5PFPeA	0.01	28206	66.527	LCMS	Unknown	3.67	WAX CC8	Hep12 Data for Uncertainty Feb2022.xlsx	PFAS Data	NA	0.1464288	1	0.5	1	2.359e-05
20220128_PFAS_Clint_Hep12WAX_Sample044	012822	4,4-bis(Trifluoromethyl)-4-fluoropropanoic acid	DTXSID80380256	TFMFPA	CC	240	1	M5PFPeA	0.01	28155	131.21	LCMS	Unknown	3.67	WAX CC9	Hep12 Data for Uncertainty Feb2022.xlsx	PFAS Data	NA	0.3082272	1	0.5	1	4.66e-05
20220128_PFAS_Clint_Hep12WAX_Sample046	012822	4,4-bis(Trifluoromethyl)-4-fluoropropanoic acid	DTXSID80380256	TFMFPA	CC	240	1	M5PFPeA	0.01	28290	46.61	LCMS	Unknown	3.67	WAX CC7	Hep12 Data for Uncertainty Feb2022.xlsx	PFAS Data	NA	0.0960672	1	0.5	1	1.648e-05
20220128_PFAS_Clint_Hep12WAX_Sample047	012822	4,4-bis(Trifluoromethyl)-4-fluoropropanoic acid	DTXSID80380256	TFMFPA	CC	240	1	M5PFPeA	0.01	28339	73.101	LCMS	Unknown	3.67	WAX CC8	Hep12 Data for Uncertainty Feb2022.xlsx	PFAS Data	NA	0.162036	1	0.5	1	2.58e-05
20220128_PFAS_Clint_Hep12WAX_Sample048	012822	4,4-bis(Trifluoromethyl)-4-fluoropropanoic acid	DTXSID80380256	TFMFPA	CC	240	1	M5PFPeA	0.01	28073	122.75	LCMS	Unknown	3.67	WAX CC9	Hep12 Data for Uncertainty Feb2022.xlsx	PFAS Data	NA	0.288084	1	0.5	1	4.373e-05
20220128_PFAS_Clint_Hep12WAX_Sample050	012822	4,4-bis(Trifluoromethyl)-4-fluoropropanoic acid	DTXSID80380256	TFMFPA	Cvst	480	1	M5PFPeA	0.01	27984	452.5	LCMS	Unknown	3.67	WAX1 T0-A Living	Hep12 Data for Uncertainty Feb2022.xlsx	PFAS Data	0	NA	1	0.5	1	0.0001617
20220128_PFAS_Clint_Hep12WAX_Sample051	012822	4,4-bis(Trifluoromethyl)-4-fluoropropanoic acid	DTXSID80380256	TFMFPA	Cvst	480	1	M5PFPeA	0.01	28183	270.48	LCMS	Unknown	3.67	WAX1 T0-B Living	Hep12 Data for Uncertainty Feb2022.xlsx	PFAS Data	0	NA	1	0.5	1	9.597e-05
20220128_PFAS_Clint_Hep12WAX_Sample052	012822	4,4-bis(Trifluoromethyl)-4-fluoropropanoic acid	DTXSID80380256	TFMFPA	Cvst	480	1	M5PFPeA	0.01	27929	380.31	LCMS	Unknown	3.67	WAX1 T0-C Living	Hep12 Data for Uncertainty Feb2022.xlsx	PFAS Data	0	NA	1	0.5	1	0.0001362
20220128_PFAS_Clint_Hep12WAX_Sample053	012822	4,4-bis(Trifluoromethyl)-4-fluoropropanoic acid	DTXSID80380256	TFMFPA	Inactive	480	1	M5PFPeA	0.01	28560	350.38	LCMS	Unknown	3.67	WAX1 T0-A Inactive	Hep12 Data for Uncertainty Feb2022.xlsx	PFAS Data	0	NA	1	0.5	1	0.0001227
20220128_PFAS_Clint_Hep12WAX_Sample054	012822	4,4-bis(Trifluoromethyl)-4-fluoropropanoic acid	DTXSID80380256	TFMFPA	Inactive	480	1	M5PFPeA	0.01	29528	445.33	LCMS	Unknown	3.67	WAX1 T0-B Inactive	Hep12 Data for Uncertainty Feb2022.xlsx	PFAS Data	0	NA	1	0.5	1	0.0001508
20220128_PFAS_Clint_Hep12WAX_Sample055	012822	4,4-bis(Trifluoromethyl)-4-fluoropropanoic acid	DTXSID80380256	TFMFPA	Inactive	480	1	M5PFPeA	0.01	30927	416.92	LCMS	Unknown	3.67	WAX1 T0-C Inactive	Hep12 Data for Uncertainty Feb2022.xlsx	PFAS Data	0	NA	1	0.5	1	0.0001348
20220128_PFAS_Clint_Hep12WAX_Sample071	012822	4,4-bis(Trifluoromethyl)-4-fluoropropanoic acid	DTXSID80380256	TFMFPA	Cvst	480	1	M5PFPeA	0.01	28841	265.34	LCMS	Unknown	3.67	WAX1 T15-A	Hep12 Data for Uncertainty Feb2022.xlsx	PFAS Data	0.25	NA	1	0.5	1	9.2e-05
20220128_PFAS_Clint_Hep12WAX_Sample072	012822	4,4-bis(Trifluoromethyl)-4-fluoropropanoic acid	DTXSID80380256	TFMFPA	Cvst	480	1	M5PFPeA	0.01	29202	250.17	LCMS	Unknown	3.67	WAX1 T15-B	Hep12 Data for Uncertainty Feb2022.xlsx	PFAS Data	0.25	NA	1	0.5	1	8.567e-05
20220128_PFAS_Clint_Hep12WAX_Sample073	012822	4,4-bis(Trifluoromethyl)-4-fluoropropanoic acid	DTXSID80380256	TFMFPA	Cvst	480	1	M5PFPeA	0.01	29455	67.159	LCMS	Unknown	3.67	WAX1 T15-C	Hep12 Data for Uncertainty Feb2022.xlsx	PFAS Data	0.25	NA	1	0.5	1	2.28e-05
20220128_PFAS_Clint_Hep12WAX_Sample075	012822	4,4-bis(Trifluoromethyl)-4-fluoropropanoic acid	DTXSID80380256	TFMFPA	Cvst	720	1	M5PFPeA	0.01	29155	5.883	LCMS	Unknown	3.67	WAX2 T15-B	Hep12 Data for Uncertainty Feb2022.xlsx	PFAS Data	0.25	NA	1	0.5	1	2.018e-06
20220128_PFAS_Clint_Hep12WAX_Sample078	012822	4,4-bis(Trifluoromethyl)-4-fluoropropanoic acid	DTXSID80380256	TFMFPA	Cvst	480	1	M5PFPeA	0.01	30026	667.8	LCMS	Unknown	3.67	WAX1 T30-A	Hep12 Data for Uncertainty Feb2022.xlsx	PFAS Data	0.5	NA	1	0.5	1	0.0002224
20220128_PFAS_Clint_Hep12WAX_Sample079	012822	4,4-bis(Trifluoromethyl)-4-fluoropropanoic acid	DTXSID80380256	TFMFPA	Cvst	480	1	M5PFPeA	0.01	30026	457.38	LCMS	Unknown	3.67	WAX1 T30-B	Hep12 Data for Uncertainty Feb2022.xlsx	PFAS Data	0.5	NA	1	0.5	1	0.0001523
20220128_PFAS_Clint_Hep12WAX_Sample080	012822	4,4-bis(Trifluoromethyl)-4-fluoropropanoic acid	DTXSID80380256	TFMFPA	Cvst	480	1	M5PFPeA	0.01	28574	588.1	LCMS	Unknown	3.67	WAX1 T30-C	Hep12 Data for Uncertainty Feb2022.xlsx	PFAS Data	0.5	NA	1	0.5	1	0.0002058
20220128_PFAS_Clint_Hep12WAX_Sample085	012822	4,4-bis(Trifluoromethyl)-4-fluoropropanoic acid	DTXSID80380256	TFMFPA	Cvst	480	1	M5PFPeA	0.01	29839	315.12	LCMS	Unknown	3.67	WAX1 T60-A	Hep12 Data for Uncertainty Feb2022.xlsx	PFAS Data	1	NA	1	0.5	1	0.0001056
20220128_PFAS_Clint_Hep12WAX_Sample086	012822	4,4-bis(Trifluoromethyl)-4-fluoropropanoic acid	DTXSID80380256	TFMFPA	Cvst	480	1	M5PFPeA	0.01	29282	253.59	LCMS	Unknown	3.67	WAX1 T60-B	Hep12 Data for Uncertainty Feb2022.xlsx	PFAS Data	1	NA	1	0.5	1	8.66e-05
20220128_PFAS_Clint_Hep12WAX_Sample087	012822	4,4-bis(Trifluoromethyl)-4-fluoropropanoic acid	DTXSID80380256	TFMFPA	Cvst	480	1	M5PFPeA	0.01	29333	570.98	LCMS	Unknown	3.67	WAX1 T60-C	Hep12 Data for Uncertainty Feb2022.xlsx	PFAS Data	1	NA	1	0.5	1	0.0001947
20220128_PFAS_Clint_Hep12WAX_Sample092	012822	4,4-bis(Trifluoromethyl)-4-fluoropropanoic acid	DTXSID80380256	TFMFPA	Cvst	480	1	M5PFPeA	0.01	29183	457.64	LCMS	Unknown	3.67	WAX1 T120-A	Hep12 Data for Uncertainty Feb2022.xlsx	PFAS Data	2	NA	1	0.5	1	0.0001568
20220128_PFAS_Clint_Hep12WAX_Sample093	012822	4,4-bis(Trifluoromethyl)-4-fluoropropanoic acid	DTXSID80380256	TFMFPA	Cvst	480	1	M5PFPeA	0.01	28795	433.67	LCMS	Unknown	3.67	WAX1 T120-B	Hep12 Data for Uncertainty Feb2022.xlsx	PFAS Data	2	NA	1	0.5	1	0.0001506
20220128_PFAS_Clint_Hep12WAX_Sample094	012822	4,4-bis(Trifluoromethyl)-4-fluoropropanoic acid	DTXSID80380256	TFMFPA	Cvst	480	1	M5PFPeA	0.01	28840	913.94	LCMS	Unknown	3.67	WAX1 T120-C	Hep12 Data for Uncertainty Feb2022.xlsx	PFAS Data	2	NA	1	0.5	1	0.0003169
20220128_PFAS_Clint_Hep12WAX_Sample099	012822	4,4-bis(Trifluoromethyl)-4-fluoropropanoic acid	DTXSID80380256	TFMFPA	Cvst	480	1	M5PFPeA	0.01	29630	639.6	LCMS	Unknown	3.67	WAX1 T240-A Living	Hep12 Data for Uncertainty Feb2022.xlsx	PFAS Data	4	NA	1	0.5	1	0.0002159
20220128_PFAS_Clint_Hep12WAX_Sample100	012822	4,4-bis(Trifluoromethyl)-4-fluoropropanoic acid	DTXSID80380256	TFMFPA	Cvst	480	1	M5PFPeA	0.01	29372	492.4	LCMS	Unknown	3.67	WAX1 T240-B Living	Hep12 Data for Uncertainty Feb2022.xlsx	PFAS Data	4	NA	1	0.5	1	0.0001676
20220128_PFAS_Clint_Hep12WAX_Sample101	012822	4,4-bis(Trifluoromethyl)-4-fluoropropanoic acid	DTXSID80380256	TFMFPA	Cvst	480	1	M5PFPeA	0.01	29172	486.34	LCMS	Unknown	3.67	WAX1 T240-C Living	Hep12 Data for Uncertainty Feb2022.xlsx	PFAS Data	4	NA	1	0.5	1	0.0001667
20220128_PFAS_Clint_Hep12WAX_Sample102	012822	4,4-bis(Trifluoromethyl)-4-fluoropropanoic acid	DTXSID80380256	TFMFPA	Inactive	480	1	M5PFPeA	0.01	29687	460.81	LCMS	Unknown	3.67	WAX1 T240-A Inactive	Hep12 Data for Uncertainty Feb2022.xlsx	PFAS Data	4	NA	1	0.5	1	0.0001552
20220128_PFAS_Clint_Hep12WAX_Sample103	012822	4,4-bis(Trifluoromethyl)-4-fluoropropanoic acid	DTXSID80380256	TFMFPA	Inactive	480	1	M5PFPeA	0.01	29099	625.91	LCMS	Unknown	3.67	WAX1 T240-B Inactive	Hep12 Data for Uncertainty Feb2022.xlsx	PFAS Data	4	NA	1	0.5	1	0.0002151
20220128_PFAS_Clint_Hep12WAX_Sample104	012822	4,4-bis(Trifluoromethyl)-4-fluoropropanoic acid	DTXSID80380256	TFMFPA	Inactive	480	1	M5PFPeA	0.01	30023	476.69	LCMS	Unknown	3.67	WAX1 T240-C Inactive	Hep12 Data for Uncertainty Feb2022.xlsx	PFAS Data	4	NA	1	0.5	1	0.0001588
20220128_PFAS_Clint_Hep12WAX_Sample109	012822	4,4-bis(Trifluoromethyl)-4-fluoropropanoic acid	DTXSID80380256	TFMFPA	Cvst	720	1	M5PFPeA	0.01	28306	3.547	LCMS	Unknown	3.67	WAX2 T240-A Living	Hep12 Data for Uncertainty Feb2022.xlsx	PFAS Data	4	NA	1	0.5	1	1.253e-06
20220128_PFAS_Clint_Hep12WAX_Sample110	012822	4,4-bis(Trifluoromethyl)-4-fluoropropanoic acid	DTXSID80380256	TFMFPA	Cvst	720	1	M5PFPeA	0.01	28958	4.965	LCMS	Unknown	3.68	WAX2 T240-B Living	Hep12 Data for Uncertainty Feb2022.xlsx	PFAS Data	4	NA	1	0.5	1	1.715e-06
20220128_PFAS_Clint_Hep12WAX_Sample111	012822	4,4-bis(Trifluoromethyl)-4-fluoropropanoic acid	DTXSID80380256	TFMFPA	Cvst	720	1	M5PFPeA	0.01	28379	6.977	LCMS	Unknown	3.65	WAX2 T240-C Living	Hep12 Data for Uncertainty Feb2022.xlsx	PFAS Data	4	NA	1	0.5	1	2.459e-06
20220128_PFAS_Clint_Hep12WAX_Sample114	012822	4,4-bis(Trifluoromethyl)-4-fluoropropanoic acid	DTXSID80380256	TFMFPA	Inactive	720	1	M5PFPeA	0.01	27981	9.542	LCMS	Unknown	3.68	WAX2 T240-B Inactive	Hep12 Data for Uncertainty Feb2022.xlsx	PFAS Data	4	NA	1	0.5	1	3.41e-06
20220128_PFAS_Clint_Hep12WAX_Sample115	012822	4,4-bis(Trifluoromethyl)-4-fluoropropanoic acid	DTXSID80380256	TFMFPA	Inactive	720	1	M5PFPeA	0.01	28429	2.441	LCMS	Unknown	3.66	WAX2 T240-C Inactive	Hep12 Data for Uncertainty Feb2022.xlsx	PFAS Data	4	NA	1	0.5	1	8.586e-07
20220128_PFAS_Clint_Hep12WAX_Sample121	012822	4,4-bis(Trifluoromethyl)-4-fluoropropanoic acid	DTXSID80380256	TFMFPA	CC	240	1	M5PFPeA	0.01	29374	15.977	LCMS	Unknown	3.66	WAX CC2	Hep12 Data for Uncertainty Feb2022.xlsx	PFAS Data	NA	0.0175368	1	0.5	1	5.439e-06
20220128_PFAS_Clint_Hep12WAX_Sample122	012822	4,4-bis(Trifluoromethyl)-4-fluoropropanoic acid	DTXSID80380256	TFMFPA	CC	240	1	M5PFPeA	0.01	29736	28.151	LCMS	Unknown	3.66	WAX CC3	Hep12 Data for Uncertainty Feb2022.xlsx	PFAS Data	NA	0.046248	1	0.5	1	9.467e-06
20220128_PFAS_Clint_Hep12WAX_Sample123	012822	4,4-bis(Trifluoromethyl)-4-fluoropropanoic acid	DTXSID80380256	TFMFPA	CC	240	1	M5PFPeA	0.01	30083	21.218	LCMS	Unknown	3.66	WAX CC4	Hep12 Data for Uncertainty Feb2022.xlsx	PFAS Data	NA	0.0290496	1	0.5	1	7.053e-06
20220128_PFAS_Clint_Hep12WAX_Sample124	012822	4,4-bis(Trifluoromethyl)-4-fluoropropanoic acid	DTXSID80380256	TFMFPA	CC	240	1	M5PFPeA	0.01	30029	18.079	LCMS	Unknown	3.67	WAX CC5	Hep12 Data for Uncertainty Feb2022.xlsx	PFAS Data	NA	0.021684	1	0.5	1	6.021e-06
20220128_PFAS_Clint_Hep12WAX_Sample125	012822	4,4-bis(Trifluoromethyl)-4-fluoropropanoic acid	DTXSID80380256	TFMFPA	CC	240	1	M5PFPeA	0.01	30466	28.13	LCMS	Unknown	3.66	WAX CC6	Hep12 Data for Uncertainty Feb2022.xlsx	PFAS Data	NA	0.0445848	1	0.5	1	9.233e-06
20220128_PFAS_Clint_Hep12WAX_Sample127	012822	4,4-bis(Trifluoromethyl)-4-fluoropropanoic acid	DTXSID80380256	TFMFPA	CC	240	1	M5PFPeA	0.01	29854	54.751	LCMS	Unknown	3.67	WAX CC7	Hep12 Data for Uncertainty Feb2022.xlsx	PFAS Data	NA	0.1092888	1	0.5	1	1.834e-05
20220128_PFAS_Clint_Hep12WAX_Sample128	012822	4,4-bis(Trifluoromethyl)-4-fluoropropanoic acid	DTXSID80380256	TFMFPA	CC	240	1	M5PFPeA	0.01	30555	73.764	LCMS	Unknown	3.67	WAX CC8	Hep12 Data for Uncertainty Feb2022.xlsx	PFAS Data	NA	0.1503552	1	0.5	1	2.414e-05
20220128_PFAS_Clint_Hep12WAX_Sample129	012822	4,4-bis(Trifluoromethyl)-4-fluoropropanoic acid	DTXSID80380256	TFMFPA	CC	240	1	M5PFPeA	0.01	30134	145.63	LCMS	Unknown	3.67	WAX CC9	Hep12 Data for Uncertainty Feb2022.xlsx	PFAS Data	NA	0.3202728	1	0.5	1	4.833e-05
20220128_PFAS_Clint_Hep12WAX_Sample130	012822	4,4-bis(Trifluoromethyl)-4-fluoropropanoic acid	DTXSID80380256	TFMFPA	CC	240	1	M5PFPeA	0.01	30294	239.89	LCMS	Unknown	3.67	WAX CC10	Hep12 Data for Uncertainty Feb2022.xlsx	PFAS Data	NA	0.5341224	1	0.5	1	7.919e-05
20220128_PFAS_Clint_Hep12WAX_Sample131	012822	4,4-bis(Trifluoromethyl)-4-fluoropropanoic acid	DTXSID80380256	TFMFPA	CC	240	1	M5PFPeA	0.01	28954	346.91	LCMS	Unknown	3.67	WAX CC11	Hep12 Data for Uncertainty Feb2022.xlsx	PFAS Data	NA	0.8109024	1	0.5	1	0.0001198
20220128_PFAS_Clint_Hep12WAX_Sample132	012822	4,4-bis(Trifluoromethyl)-4-fluoropropanoic acid	DTXSID80380256	TFMFPA	CC	240	1	M5PFPeA	0.01	29376	556.44	LCMS	Unknown	3.67	WAX CC12	Hep12 Data for Uncertainty Feb2022.xlsx	PFAS Data	NA	1.2733176	1	0.5	1	0.0001894
20220128_PFAS_Clint_Hep12WAX_Sample134	012822	4,4-bis(Trifluoromethyl)-4-fluoropropanoic acid	DTXSID80380256	TFMFPA	CC	240	1	M5PFPeA	0.01	30288	758.01	LCMS	Unknown	3.67	WAX CC13	Hep12 Data for Uncertainty Feb2022.xlsx	PFAS Data	NA	1.6662096	1	0.5	1	0.0002503
20220128_PFAS_Clint_Hep12WAX_Sample135	012822	4,4-bis(Trifluoromethyl)-4-fluoropropanoic acid	DTXSID80380256	TFMFPA	CC	240	1	M5PFPeA	0.01	30317	1269.8	LCMS	Unknown	3.67	WAX CC14	Hep12 Data for Uncertainty Feb2022.xlsx	PFAS Data	NA	2.7058464	1	0.5	1	0.0004188
20220128_PFAS_Clint_Hep12WAX_Sample136	012822	4,4-bis(Trifluoromethyl)-4-fluoropropanoic acid	DTXSID80380256	TFMFPA	CC	240	1	M5PFPeA	0.01	29871	1210.7	LCMS	Unknown	3.67	WAX CC15	Hep12 Data for Uncertainty Feb2022.xlsx	PFAS Data	NA	2.6248776	1	0.5	1	0.0004053
20220128_PFAS_Clint_Hep12WAX_Sample137	012822	4,4-bis(Trifluoromethyl)-4-fluoropropanoic acid	DTXSID80380256	TFMFPA	CC	240	1	M5PFPeA	0.01	30825	3298.6	LCMS	Unknown	3.67	WAX CC16	Hep12 Data for Uncertainty Feb2022.xlsx	PFAS Data	NA	6.2213808	1	0.5	1	0.00107
20220128_PFAS_Clint_Hep12WAX_Sample138	012822	4,4-bis(Trifluoromethyl)-4-fluoropropanoic acid	DTXSID80380256	TFMFPA	CC	240	1	M5PFPeA	0.01	30545	6428.7	LCMS	Unknown	3.67	WAX CC17	Hep12 Data for Uncertainty Feb2022.xlsx	PFAS Data	NA	10.7934576	1	0.5	1	0.002105
20220128_PFAS_Clint_Hep12WAX_Sample145	012822	4,4-bis(Trifluoromethyl)-4-fluoropropanoic acid	DTXSID80380256	TFMFPA	CC	240	1	M5PFPeA	0.01	32492	63.434	LCMS	Unknown	3.66	WAX CC7	Hep12 Data for Uncertainty Feb2022.xlsx	PFAS Data	NA	0.1176744	1	0.5	1	1.952e-05
20220128_PFAS_Clint_Hep12WAX_Sample146	012822	4,4-bis(Trifluoromethyl)-4-fluoropropanoic acid	DTXSID80380256	TFMFPA	CC	240	1	M5PFPeA	0.01	30531	75.715	LCMS	Unknown	3.67	WAX CC8	Hep12 Data for Uncertainty Feb2022.xlsx	PFAS Data	NA	0.155004	1	0.5	1	2.48e-05
20220128_PFAS_Clint_Hep12WAX_Sample147	012822	4,4-bis(Trifluoromethyl)-4-fluoropropanoic acid	DTXSID80380256	TFMFPA	CC	240	1	M5PFPeA	0.01	30494	153.57	LCMS	Unknown	3.67	WAX CC9	Hep12 Data for Uncertainty Feb2022.xlsx	PFAS Data	NA	0.3344568	1	0.5	1	5.036e-05
20220128_PFAS_Clint_Hep12WAX_Sample149	012822	4,4-bis(Trifluoromethyl)-4-fluoropropanoic acid	DTXSID80380256	TFMFPA	CC	240	1	M5PFPeA	0.01	31365	68.677	LCMS	Unknown	3.67	WAX CC7	Hep12 Data for Uncertainty Feb2022.xlsx	PFAS Data	NA	0.1344768	1	0.5	1	2.19e-05
20220128_PFAS_Clint_Hep12WAX_Sample150	012822	4,4-bis(Trifluoromethyl)-4-fluoropropanoic acid	DTXSID80380256	TFMFPA	CC	240	1	M5PFPeA	0.01	30903	61.266	LCMS	Unknown	3.67	WAX CC8	Hep12 Data for Uncertainty Feb2022.xlsx	PFAS Data	NA	0.1198128	1	0.5	1	1.983e-05
20220128_PFAS_Clint_Hep12WAX_Sample151	012822	4,4-bis(Trifluoromethyl)-4-fluoropropanoic acid	DTXSID80380256	TFMFPA	CC	240	1	M5PFPeA	0.01	30322	127.82	LCMS	Unknown	3.67	WAX CC9	Hep12 Data for Uncertainty Feb2022.xlsx	PFAS Data	NA	0.2771016	1	0.5	1	4.215e-05
20220128_PFAS_Clint_Hep12WAX_Sample153	012822	4,4-bis(Trifluoromethyl)-4-fluoropropanoic acid	DTXSID80380256	TFMFPA	CC	240	1	M5PFPeA	0.01	32332	46.595	LCMS	Unknown	3.67	WAX CC7	Hep12 Data for Uncertainty Feb2022.xlsx	PFAS Data	NA	0.0814128	1	0.5	1	1.441e-05
20220128_PFAS_Clint_Hep12WAX_Sample154	012822	4,4-bis(Trifluoromethyl)-4-fluoropropanoic acid	DTXSID80380256	TFMFPA	CC	240	1	M5PFPeA	0.01	30870	91.489	LCMS	Unknown	3.67	WAX CC8	Hep12 Data for Uncertainty Feb2022.xlsx	PFAS Data	NA	0.189144	1	0.5	1	2.964e-05
20220128_PFAS_Clint_Hep12WAX_Sample155	012822	4,4-bis(Trifluoromethyl)-4-fluoropropanoic acid	DTXSID80380256	TFMFPA	CC	240	1	M5PFPeA	0.01	31665	174.28	LCMS	Unknown	3.66	WAX CC9	Hep12 Data for Uncertainty Feb2022.xlsx	PFAS Data	NA	0.3670584	1	0.5	1	5.504e-05
